accepted_name,family,establishment_means
Athyrium americanum,Aspleniaceae,native
Athyrium filix-femina,Aspleniaceae,native
Woodwardia fimbriata,Blechnaceae,native
Cystopteris fragilis,Cystopteridaceae,native
Pteridium feei,Dennstaedtiaceae,native
Dryopteris arguta,Dryopteridaceae,native
Polystichum imbricans,Dryopteridaceae,native
Polystichum kruckebergii,Dryopteridaceae,native
Equisetum arvense,Equisetaceae,native
Equisetum hyemale,Equisetaceae,native
Equisetum laevigatum,Equisetaceae,native
Equisetum x ferrissii,Equisetaceae,native
Isoetes bolanderi,Isoetaceae,native
Isoetes howellii,Isoetaceae,native
Isoetes nuttallii,Isoetaceae,native
Isoetes occidentalis,Isoetaceae,native
Marsilea vestita,Marsileaceae,native
Botrychium ascendens,Ophioglossaceae,native
Botrychium minganense,Ophioglossaceae,native
Botrychium simplex,Ophioglossaceae,native
Botrychium yaaxudakeit,Ophioglossaceae,native
Sceptridium multifidum,Ophioglossaceae,native
Polypodium californicum,Polypodiaceae,native
Polypodium calirhiza,Polypodiaceae,native
Polypodium hesperium,Polypodiaceae,native
Polystichum scopulinum,Polypodiaceae,native
Adiantum aleuticum,Pteridaceae,native
Aspidotis californica,Pteridaceae,native
Aspidotis densa,Pteridaceae,native
Cryptogramma acrostichoides,Pteridaceae,native
Cryptogramma cascadensis,Pteridaceae,native
Myriopteris cooperae,Pteridaceae,native
Myriopteris covillei,Pteridaceae,native
Myriopteris gracillima,Pteridaceae,native
Myriopteris intertexta,Pteridaceae,native
Pellaea andromedifolia,Pteridaceae,native
Pellaea breweri,Pteridaceae,native
Pellaea bridgesii,Pteridaceae,native
Pellaea glaciogena,Pteridaceae,native
Pellaea mucronata,Pteridaceae,native
Pentagramma pallida,Pteridaceae,native
Pentagramma triangularis,Pteridaceae,native
Woodsia scopulina,Woodsiaceae,native
Selaginella hansenii,Selaginellaceae,native
Selaginella watsonii,Selaginellaceae,native
Calocedrus decurrens,Cupressaceae,native
Juniperus communis,Cupressaceae,native
Juniperus grandis,Cupressaceae,native
Sequoiadendron giganteum,Cupressaceae,native
Abies concolor,Pinaceae,native
Abies magnifica,Pinaceae,native
Pinus albicaulis,Pinaceae,native
Pinus attenuata,Pinaceae,native
Pinus contorta,Pinaceae,native
Pinus jeffreyi,Pinaceae,native
Pinus lambertiana,Pinaceae,native
Pinus monophylla,Pinaceae,native
Pinus monticola,Pinaceae,native
Pinus ponderosa,Pinaceae,native
Pinus sabiniana,Pinaceae,native
Pseudotsuga menziesii,Pinaceae,native
Tsuga mertensiana,Pinaceae,native
Taxus brevifolia,Taxaceae,native
Torreya californica,Taxaceae,native
Amaranthus albus,Amaranthaceae,invasive
Amaranthus blitoides,Amaranthaceae,native
Amaranthus retroflexus,Amaranthaceae,invasive
Chenopodium album,Amaranthaceae,invasive
Chenopodium atrovirens,Amaranthaceae,native
Chenopodium desiccatum,Amaranthaceae,native
Chenopodium pratericola,Amaranthaceae,native
Dysphania botrys,Amaranthaceae,invasive
Dysphania pumilio,Amaranthaceae,invasive
Monolepis nuttalliana,Amaranthaceae,native
Neomonolepis spathulata,Amaranthaceae,native
Rhus aromatica,Anacardiaceae,native
Toxicodendron diversilobum,Anacardiaceae,native
Angelica breweri,Apiaceae,native
Angelica capitellata,Apiaceae,native
Angelica lineariloba,Apiaceae,native
Anthriscus caucalis,Apiaceae,invasive
Cicuta douglasii,Apiaceae,native
Cymopterus terebinthinus,Apiaceae,native
Daucus pusillus,Apiaceae,native
Foeniculum vulgare,Apiaceae,invasive
Heracleum maximum,Apiaceae,native
Ligusticum grayi,Apiaceae,native
Lomatium dissectum,Apiaceae,native
Lomatium macrocarpum,Apiaceae,native
Lomatium nevadense,Apiaceae,native
Lomatium torreyi,Apiaceae,native
Lomatium utriculatum,Apiaceae,native
Osmorhiza berteroi,Apiaceae,native
Osmorhiza brachypoda,Apiaceae,native
Osmorhiza occidentalis,Apiaceae,native
Oxypolis occidentalis,Apiaceae,native
Perideridia bolanderi,Apiaceae,native
Perideridia howellii,Apiaceae,native
Perideridia lemmonii,Apiaceae,native
Perideridia parishii,Apiaceae,native
Podistera nevadensis,Apiaceae,native
Sanicula bipinnata,Apiaceae,native
Sanicula bipinnatifida,Apiaceae,native
Sanicula graveolens,Apiaceae,native
Sanicula tuberosa,Apiaceae,native
Tauschia hartwegii,Apiaceae,native
Torilis arvensis,Apiaceae,invasive
Torilis nodosa,Apiaceae,invasive
Yabea microcarpa,Apiaceae,native
Apocynum androsaemifolium,Apocynaceae,native
Apocynum cannabinum,Apocynaceae,native
Asclepias cordifolia,Apocynaceae,native
Asclepias fascicularis,Apocynaceae,native
Asclepias speciosa,Apocynaceae,native
Vinca major,Apocynaceae,invasive
Hedera helix subsp. helix,Araliaceae,invasive
Asarum hartwegii,Aristolochiaceae,native
Asarum lemmonii,Aristolochiaceae,native
Achillea millefolium,Asteraceae,native
Adeia whitneyi,Asteraceae,native
Adenocaulon bicolor,Asteraceae,native
Ageratina occidentalis,Asteraceae,native
Agnorhiza elata,Asteraceae,native
Agoseris aurantiaca,Asteraceae,native
Agoseris elata,Asteraceae,native
Agoseris glauca,Asteraceae,native
Agoseris grandiflora,Asteraceae,native
Agoseris heterophylla,Asteraceae,native
Agoseris monticola,Asteraceae,native
Agoseris parviflora,Asteraceae,native
Agoseris retrorsa,Asteraceae,native
Anaphalis margaritacea,Asteraceae,native
Antennaria argentea,Asteraceae,native
Antennaria corymbosa,Asteraceae,native
Antennaria media,Asteraceae,native
Antennaria rosea,Asteraceae,native
Antennaria umbrinella,Asteraceae,native
Anthemis cotula,Asteraceae,invasive
Arnica chamissonis,Asteraceae,native
Arnica cordifolia,Asteraceae,native
Arnica dealbata,Asteraceae,native
Arnica discoidea,Asteraceae,native
Arnica lanceolata,Asteraceae,native
Arnica latifolia,Asteraceae,native
Arnica longifolia,Asteraceae,native
Arnica mollis,Asteraceae,native
Arnica nevadensis,Asteraceae,native
Arnica ovata,Asteraceae,native
Arnica parryi,Asteraceae,native
Artemisia albicans,Asteraceae,native
Artemisia arbuscula,Asteraceae,native
Artemisia cana,Asteraceae,native
Artemisia douglasiana,Asteraceae,native
Artemisia dracunculus,Asteraceae,native
Artemisia ludoviciana,Asteraceae,native
Artemisia norvegica,Asteraceae,native
Artemisia rothrockii,Asteraceae,native
Artemisia spiciformis,Asteraceae,native
Artemisia tridentata,Asteraceae,native
Askellia pygmaea,Asteraceae,native
Baccharis pilularis,Asteraceae,native
Balsamorhiza deltoidea,Asteraceae,native
Balsamorhiza macrolepis,Asteraceae,native
Balsamorhiza sagittata,Asteraceae,native
Bellis perennis,Asteraceae,invasive
Bidens cernua,Asteraceae,native
Bidens tripartita,Asteraceae,invasive
Brickellia californica,Asteraceae,native
Brickellia grandiflora,Asteraceae,native
Calycadenia mollis,Asteraceae,native
Calycadenia multiglandulosa,Asteraceae,native
Carduus pycnocephalus,Asteraceae,invasive
Centaurea benedicta,Asteraceae,invasive
Centaurea cyanus,Asteraceae,invasive
Centaurea melitensis,Asteraceae,invasive
Centaurea solstitialis,Asteraceae,invasive
Centaurea stoebe,Asteraceae,invasive
Chaenactis alpigena,Asteraceae,native
Chaenactis douglasii,Asteraceae,native
Chaenactis glabriuscula,Asteraceae,native
Chrysothamnus viscidiflorus,Asteraceae,native
Cirsium andersonii,Asteraceae,native
Cirsium occidentale,Asteraceae,native
Cirsium scariosum,Asteraceae,native
Cirsium tioganum,Asteraceae,native
Cirsium vulgare,Asteraceae,invasive
Coreopsis lanceolata,Asteraceae,invasive
Corethrogyne filaginifolia,Asteraceae,native
Crepis acuminata,Asteraceae,native
Crepis capillaris,Asteraceae,invasive
Crepis intermedia,Asteraceae,native
Crepis occidentalis,Asteraceae,native
Deinandra kelloggii,Asteraceae,native
Dieteria canescens,Asteraceae,native
Doellingeria breweri,Asteraceae,native
Ericameria arborescens,Asteraceae,native
Ericameria bloomeri,Asteraceae,native
Ericameria cuneata,Asteraceae,native
Ericameria discoidea,Asteraceae,native
Ericameria nauseosa,Asteraceae,native
Ericameria parryi,Asteraceae,native
Ericameria suffruticosa,Asteraceae,native
Erigeron algidus,Asteraceae,native
Erigeron annuus,Asteraceae,invasive
Erigeron barbellulatus,Asteraceae,native
Erigeron breweri,Asteraceae,native
Erigeron canadensis,Asteraceae,native
Erigeron clokeyi,Asteraceae,native
Erigeron compositus,Asteraceae,native
Erigeron coulteri,Asteraceae,native
Erigeron divergens,Asteraceae,native
Erigeron eatonii,Asteraceae,native
Erigeron elmeri,Asteraceae,native
Erigeron foliosus,Asteraceae,native
Erigeron glacialis,Asteraceae,native
Erigeron linearis,Asteraceae,native
Erigeron lonchophyllus,Asteraceae,native
Erigeron peregrinus,Asteraceae,native
Erigeron pygmaeus,Asteraceae,native
Erigeron strigosus,Asteraceae,native
Erigeron tener,Asteraceae,native
Erigeron vagus,Asteraceae,native
Eriophyllum confertiflorum,Asteraceae,native
Eriophyllum congdonii,Asteraceae,native
Eriophyllum lanatum,Asteraceae,native
Eriophyllum nubigenum,Asteraceae,native
Eurybia integrifolia,Asteraceae,native
Euthamia occidentalis,Asteraceae,native
Gaillardia pulchella,Asteraceae,invasive
Gnaphalium palustre,Asteraceae,native
Helenium bigelovii,Asteraceae,native
Helianthella californica,Asteraceae,native
Helianthus annuus,Asteraceae,native
Helianthus californicus,Asteraceae,native
Hemizonella minima,Asteraceae,native
Hesperevax acaulis,Asteraceae,native
Heterotheca sessiliflora,Asteraceae,native
Heterotheca villosa,Asteraceae,native
Hieracium albiflorum,Asteraceae,native
Hieracium horridum,Asteraceae,native
Hieracium murorum,Asteraceae,invasive
Hieracium scouleri,Asteraceae,native
Hieracium triste,Asteraceae,native
Holocarpha virgata,Asteraceae,native
Hulsea algida,Asteraceae,native
Hulsea brevifolia,Asteraceae,native
Hulsea heterochroma,Asteraceae,native
Hymenoxys hoopesii,Asteraceae,native
Hypochaeris glabra,Asteraceae,invasive
Hypochaeris radicata,Asteraceae,invasive
Jensia yosemitana,Asteraceae,native
Kyhosia bolanderi,Asteraceae,native
Lactuca pulchella,Asteraceae,invasive
Lactuca serriola,Asteraceae,invasive
Lasthenia californica,Asteraceae,native
Layia pentachaeta,Asteraceae,native
Lessingia leptoclada,Asteraceae,native
Leucanthemum vulgare,Asteraceae,invasive
Logfia gallica,Asteraceae,invasive
Madia elegans,Asteraceae,native
Madia exigua,Asteraceae,native
Madia glomerata,Asteraceae,native
Madia gracilis,Asteraceae,native
Malacothrix clevelandii,Asteraceae,native
Malacothrix floccifera,Asteraceae,native
Matricaria discoidea,Asteraceae,invasive
Micropus californicus,Asteraceae,native
Microseris nutans,Asteraceae,native
Oreostemma alpigenum,Asteraceae,native
Packera cana,Asteraceae,native
Packera pauciflora,Asteraceae,native
Packera pseudaurea,Asteraceae,native
Packera streptanthifolia,Asteraceae,native
Packera subnuda,Asteraceae,native
Packera werneriifolia,Asteraceae,native
Phalacroseris bolanderi,Asteraceae,native
Pseudognaphalium beneolens,Asteraceae,native
Pseudognaphalium californicum,Asteraceae,native
Pseudognaphalium canescens,Asteraceae,native
Pseudognaphalium microcephalum,Asteraceae,native
Pseudognaphalium stramineum,Asteraceae,native
Pseudognaphalium thermale,Asteraceae,native
Psilocarphus brevissimus,Asteraceae,native
Psilocarphus oregonus,Asteraceae,native
Psilocarphus tenellus,Asteraceae,native
Pyrrocoma apargioides,Asteraceae,native
Raillardella argentea,Asteraceae,native
Raillardella scaposa,Asteraceae,native
Rigiopappus leptocladus,Asteraceae,native
Rudbeckia californica,Asteraceae,native
Rudbeckia hirta,Asteraceae,invasive
Senecio aronicoides,Asteraceae,native
Senecio clarkianus,Asteraceae,native
Senecio flaccidus,Asteraceae,native
Senecio fremontii,Asteraceae,native
Senecio integerrimus,Asteraceae,native
Senecio scorzonella,Asteraceae,native
Senecio triangularis,Asteraceae,native
Senecio vulgaris,Asteraceae,invasive
Sericocarpus oregonensis,Asteraceae,native
Solidago elongata,Asteraceae,native
Solidago multiradiata,Asteraceae,native
Solidago stricta,Asteraceae,invasive
Solidago velutina,Asteraceae,native
Sonchus asper,Asteraceae,invasive
Sonchus oleraceus,Asteraceae,invasive
Stenotus acaulis,Asteraceae,native
Stephanomeria exigua,Asteraceae,native
Stephanomeria lactucina,Asteraceae,native
Stephanomeria tenuifolia,Asteraceae,native
Stephanomeria virgata,Asteraceae,native
Symphyotrichum ascendens,Asteraceae,native
Symphyotrichum bracteolatum,Asteraceae,native
Symphyotrichum chilense,Asteraceae,native
Symphyotrichum foliaceum,Asteraceae,native
Symphyotrichum spathulatum,Asteraceae,native
Taeniatherum caput-medusae,Asteraceae,invasive
Tanacetum parthenium,Asteraceae,invasive
Taraxacum officinale,Asteraceae,invasive
Tragopogon dubius,Asteraceae,invasive
Uropappus lindleyi,Asteraceae,native
Wyethia angustifolia,Asteraceae,native
Wyethia mollis,Asteraceae,native
Xanthium strumarium,Asteraceae,invasive
Berberis dictyota,Berberidaceae,native
Berberis repens,Berberidaceae,native
Alnus rhombifolia,Betulaceae,native
Corylus cornuta,Betulaceae,native
Adelinia grandis,Boraginaceae,native
Amsinckia menziesii,Boraginaceae,native
Andersonglossum occidentale,Boraginaceae,invasive
Cryptantha affinis,Boraginaceae,native
Cryptantha ambigua,Boraginaceae,native
Cryptantha echinella,Boraginaceae,native
Cryptantha flaccida,Boraginaceae,native
Cryptantha glomeriflora,Boraginaceae,native
Cryptantha muricata,Boraginaceae,native
Cryptantha simulans,Boraginaceae,native
Cryptantha torreyana,Boraginaceae,native
Cynoglossum officinale,Boraginaceae,invasive
Draperia systyla,Boraginaceae,native
Eriodictyon californicum,Boraginaceae,native
Hackelia micrantha,Boraginaceae,native
Hackelia mundula,Boraginaceae,native
Hackelia nervosa,Boraginaceae,native
Hackelia velutina,Boraginaceae,native
Hesperochiron nanus,Boraginaceae,native
Hesperochiron pumilus,Boraginaceae,native
Hydrophyllum occidentale,Boraginaceae,native
Mertensia ciliata,Boraginaceae,native
Myosotis discolor,Boraginaceae,invasive
Myosotis stricta,Boraginaceae,invasive
Nemophila heterophylla,Boraginaceae,native
Nemophila maculata,Boraginaceae,native
Nemophila menziesii,Boraginaceae,native
Nemophila parviflora,Boraginaceae,native
Nemophila pedunculata,Boraginaceae,native
Nemophila spatulata,Boraginaceae,native
Oreocarya nubigena,Boraginaceae,native
Pectocarya pusilla,Boraginaceae,native
Phacelia cicutaria,Boraginaceae,native
Phacelia congdonii,Boraginaceae,native
Phacelia egena,Boraginaceae,native
Phacelia eisenii,Boraginaceae,native
Phacelia hastata,Boraginaceae,native
Phacelia heterophylla,Boraginaceae,native
Phacelia humilis,Boraginaceae,native
Phacelia hydrophylloides,Boraginaceae,native
Phacelia imbricata,Boraginaceae,native
Phacelia mutabilis,Boraginaceae,native
Phacelia platyloba,Boraginaceae,native
Phacelia purpusii,Boraginaceae,native
Phacelia quickii,Boraginaceae,native
Phacelia racemosa,Boraginaceae,native
Phacelia ramosissima,Boraginaceae,native
Phacelia tanacetifolia,Boraginaceae,native
Phacelia vallicola,Boraginaceae,native
Pholistoma auritum,Boraginaceae,native
Plagiobothrys bracteatus,Boraginaceae,native
Plagiobothrys myosotoides,Boraginaceae,native
Plagiobothrys nothofulvus,Boraginaceae,native
Plagiobothrys scouleri,Boraginaceae,native
Plagiobothrys stipitatus,Boraginaceae,native
Plagiobothrys tenellus,Boraginaceae,native
Plagiobothrys torreyi,Boraginaceae,native
Anelsonia eurycarpa,Brassicaceae,native
Arabidopsis thaliana,Brassicaceae,invasive
Arabis eschscholtziana,Brassicaceae,native
Arabis pycnocarpa,Brassicaceae,native
Athysanus pusillus,Brassicaceae,native
Barbarea orthoceras,Brassicaceae,native
Barbarea vulgaris,Brassicaceae,invasive
Boechera arcuata,Brassicaceae,native
Boechera covillei,Brassicaceae,native
Boechera davidsonii,Brassicaceae,native
Boechera depauperata,Brassicaceae,native
Boechera divaricarpa,Brassicaceae,native
Boechera howellii,Brassicaceae,native
Boechera inyoensis,Brassicaceae,native
Boechera lemmonii,Brassicaceae,native
Boechera lyallii,Brassicaceae,native
Boechera paupercula,Brassicaceae,native
Boechera pendulocarpa,Brassicaceae,native
Boechera perennans,Brassicaceae,native
Boechera pinetorum,Brassicaceae,native
Boechera platysperma,Brassicaceae,native
Boechera pratincola,Brassicaceae,native
Boechera rectissima,Brassicaceae,native
Boechera retrofracta,Brassicaceae,native
Boechera sparsiflora,Brassicaceae,native
Boechera stricta,Brassicaceae,native
Boechera tularensis,Brassicaceae,native
Brassica nigra,Brassicaceae,invasive
Brassica rapa,Brassicaceae,invasive
Capsella bursa-pastoris,Brassicaceae,invasive
Cardamine breweri,Brassicaceae,native
Cardamine californica,Brassicaceae,native
Cardamine hirsuta,Brassicaceae,invasive
Cardamine nuttallii,Brassicaceae,native
Cardamine oligosperma,Brassicaceae,native
Descurainia californica,Brassicaceae,native
Descurainia incana,Brassicaceae,native
Descurainia incisa,Brassicaceae,native
Descurainia pinnata,Brassicaceae,native
Descurainia sophia,Brassicaceae,invasive
Draba albertina,Brassicaceae,native
Draba breweri,Brassicaceae,native
Draba cana,Brassicaceae,native
Draba densifolia,Brassicaceae,native
Draba lemmonii,Brassicaceae,native
Draba longisquamosa,Brassicaceae,native
Draba oligosperma,Brassicaceae,native
Draba praealta,Brassicaceae,native
Draba verna,Brassicaceae,native
Erysimum capitatum,Brassicaceae,native
Erysimum perenne,Brassicaceae,native
Hirschfeldia incana,Brassicaceae,invasive
Hornungia procumbens,Brassicaceae,native
Lepidium densiflorum,Brassicaceae,native
Lepidium ramosissimum,Brassicaceae,invasive
Lepidium ruderale,Brassicaceae,invasive
Lepidium virginicum,Brassicaceae,invasive
Lunaria annua,Brassicaceae,invasive
Nasturtium officinale,Brassicaceae,invasive
Phoenicaulis cheiranthoides,Brassicaceae,native
Raphanus raphanistrum,Brassicaceae,invasive
Raphanus sativus,Brassicaceae,invasive
Rorippa curvipes,Brassicaceae,native
Rorippa curvisiliqua,Brassicaceae,native
Rorippa sinuata,Brassicaceae,native
Sinapis arvensis,Brassicaceae,invasive
Sisymbrium altissimum,Brassicaceae,invasive
Sisymbrium erysimoides,Brassicaceae,invasive
Sisymbrium irio,Brassicaceae,invasive
Sisymbrium officinale,Brassicaceae,invasive
Streptanthus diversifolius,Brassicaceae,native
Streptanthus tortuosus,Brassicaceae,native
Subularia aquatica,Brassicaceae,native
Thysanocarpus curvipes,Brassicaceae,native
Tomostima reptans,Brassicaceae,native
Tropidocarpum gracile,Brassicaceae,native
Turritis glabra,Brassicaceae,native
Yosemitea repanda,Brassicaceae,native
Brasenia schreberi,Cabombaceae,native
Calycanthus occidentalis,Calycanthaceae,native
Downingia montana,Campanulaceae,native
Githopsis diffusa,Campanulaceae,native
Githopsis specularioides,Campanulaceae,native
Heterocodon rariflorum,Campanulaceae,native
Nemacladus capillaris,Campanulaceae,native
Nemacladus interior,Campanulaceae,native
Smithiastrum prenanthoides,Campanulaceae,native
Triodanis biflora,Campanulaceae,native
Humulus lupulus,Cannabaceae,invasive
Lonicera caerulea,Caprifoliaceae,native
Lonicera conjugialis,Caprifoliaceae,native
Lonicera interrupta,Caprifoliaceae,native
Lonicera involucrata,Caprifoliaceae,native
Plectritis ciliosa,Caprifoliaceae,native
Symphoricarpos albus,Caprifoliaceae,native
Symphoricarpos mollis,Caprifoliaceae,native
Symphoricarpos rotundifolius,Caprifoliaceae,native
Valeriana brachystemon,Caprifoliaceae,native
Valeriana californica,Caprifoliaceae,native
Cerastium arvense,Caryophyllaceae,native
Cerastium beeringianum,Caryophyllaceae,native
Cerastium fontanum,Caryophyllaceae,invasive
Cerastium glomeratum,Caryophyllaceae,invasive
Cherleria obtusiloba,Caryophyllaceae,native
Dianthus armeria,Caryophyllaceae,invasive
Dianthus barbatus,Caryophyllaceae,invasive
Eremogone aculeata,Caryophyllaceae,native
Eremogone kingii,Caryophyllaceae,native
Herniaria hirsuta,Caryophyllaceae,invasive
Minuartia stricta,Caryophyllaceae,native
Petrorhagia dubia,Caryophyllaceae,invasive
Polycarpon tetraphyllum,Caryophyllaceae,invasive
Pseudostellaria jamesiana,Caryophyllaceae,native
Sabulina californica,Caryophyllaceae,native
Sabulina douglasii,Caryophyllaceae,native
Sabulina nuttallii,Caryophyllaceae,native
Sabulina pusilla,Caryophyllaceae,native
Sabulina rubella,Caryophyllaceae,native
Sagina decumbens,Caryophyllaceae,native
Sagina procumbens,Caryophyllaceae,invasive
Sagina saginoides,Caryophyllaceae,native
Saponaria officinalis,Caryophyllaceae,invasive
Scleranthus annuus,Caryophyllaceae,invasive
Silene antirrhina,Caryophyllaceae,native
Silene bernardina,Caryophyllaceae,native
Silene bridgesii,Caryophyllaceae,native
Silene coronaria,Caryophyllaceae,invasive
Silene gallica,Caryophyllaceae,invasive
Silene laciniata,Caryophyllaceae,native
Silene latifolia,Caryophyllaceae,invasive
Silene lemmonii,Caryophyllaceae,native
Silene menziesii,Caryophyllaceae,native
Silene sargentii,Caryophyllaceae,native
Spergula arvensis,Caryophyllaceae,invasive
Spergularia rubra,Caryophyllaceae,invasive
Stellaria borealis,Caryophyllaceae,native
Stellaria calycantha,Caryophyllaceae,native
Stellaria crispa,Caryophyllaceae,native
Stellaria irrigua,Caryophyllaceae,native
Stellaria longipes,Caryophyllaceae,native
Stellaria media,Caryophyllaceae,invasive
Stellaria nitens,Caryophyllaceae,native
Stellaria obtusa,Caryophyllaceae,native
Parnassia palustris,Celastraceae,native
Calystegia malacophylla,Convolvulaceae,native
Convolvulus arvensis,Convolvulaceae,invasive
Cuscuta californica,Convolvulaceae,native
Cuscuta jepsonii,Convolvulaceae,native
Cuscuta occidentalis,Convolvulaceae,native
Cuscuta subinclusa,Convolvulaceae,native
Cuscuta suksdorfii,Convolvulaceae,native
Cornus nuttallii,Cornaceae,native
Cornus sericea,Cornaceae,native
Crassula aquatica,Crassulaceae,native
Dudleya cymosa,Crassulaceae,native
Rhodiola integrifolia,Crassulaceae,native
Sedella pumila,Crassulaceae,native
Sedum album,Crassulaceae,invasive
Sedum lanceolatum,Crassulaceae,native
Sedum obtusatum,Crassulaceae,native
Sedum radiatum,Crassulaceae,native
Sedum spathulifolium,Crassulaceae,native
Sedum stenopetalum,Crassulaceae,native
Marah fabacea,Cucurbitaceae,native
Marah horrida,Cucurbitaceae,native
Datisca glomerata,Datiscaceae,native
Drosera rotundifolia,Droseraceae,native
Elatine chilensis,Elatinaceae,native
Elatine rubella,Elatinaceae,native
Allotropa virgata,Ericaceae,native
Arctostaphylos manzanita,Ericaceae,native
Arctostaphylos mewukka,Ericaceae,native
Arctostaphylos nevadensis,Ericaceae,native
Arctostaphylos patula,Ericaceae,native
Arctostaphylos viscida,Ericaceae,native
Cassiope mertensiana,Ericaceae,native
Chimaphila umbellata,Ericaceae,native
Gaultheria humifusa,Ericaceae,native
Hemitomes congestum,Ericaceae,native
Kalmia microphylla,Ericaceae,native
Leucothoe davisiae,Ericaceae,native
Orthilia secunda,Ericaceae,native
Phyllodoce breweri,Ericaceae,native
Pleuricospora fimbriolata,Ericaceae,native
Pterospora andromedea,Ericaceae,native
Pyrola aphylla,Ericaceae,native
Pyrola asarifolia,Ericaceae,native
Pyrola dentata,Ericaceae,native
Pyrola minor,Ericaceae,native
Pyrola picta,Ericaceae,native
Rhododendron columbianum,Ericaceae,native
Rhododendron occidentale,Ericaceae,native
Sarcodes sanguinea,Ericaceae,native
Vaccinium cespitosum,Ericaceae,native
Vaccinium parvifolium,Ericaceae,native
Vaccinium shastense,Ericaceae,native
Vaccinium uliginosum,Ericaceae,native
Croton setiger,Euphorbiaceae,native
Euphorbia crenulata,Euphorbiaceae,native
Euphorbia serpyllifolia,Euphorbiaceae,native
Acmispon americanus,Fabaceae,native
Acmispon argophyllus,Fabaceae,native
Acmispon brachycarpus,Fabaceae,native
Acmispon decumbens,Fabaceae,native
Acmispon glaber,Fabaceae,native
Acmispon micranthus,Fabaceae,native
Acmispon parviflorus,Fabaceae,native
Acmispon strigosus,Fabaceae,native
Astragalus bolanderi,Fabaceae,native
Astragalus congdonii,Fabaceae,native
Astragalus kentrophyta,Fabaceae,native
Astragalus lentiginosus,Fabaceae,native
Astragalus purshii,Fabaceae,native
Astragalus whitneyi,Fabaceae,native
Cercis occidentalis,Fabaceae,native
Cytisus scoparius,Fabaceae,invasive
Genista linifolia,Fabaceae,invasive
Hosackia crassifolia,Fabaceae,native
Hosackia oblongifolia,Fabaceae,native
Lathyrus jepsonii,Fabaceae,native
Lathyrus lanszwertii,Fabaceae,native
Lathyrus latifolius,Fabaceae,native
Lathyrus nevadensis,Fabaceae,native
Lathyrus sulphureus,Fabaceae,native
Lotus corniculatus,Fabaceae,invasive
Lupinus adsurgens,Fabaceae,native
Lupinus albicaulis,Fabaceae,native
Lupinus albifrons,Fabaceae,native
Lupinus andersonii,Fabaceae,native
Lupinus arbustus,Fabaceae,native
Lupinus argenteus,Fabaceae,native
Lupinus benthamii,Fabaceae,native
Lupinus bicolor,Fabaceae,native
Lupinus breweri,Fabaceae,native
Lupinus burkei,Fabaceae,native
Lupinus caudatus,Fabaceae,native
Lupinus confertus,Fabaceae,native
Lupinus covillei,Fabaceae,native
Lupinus densiflorus,Fabaceae,native
Lupinus excubitus,Fabaceae,native
Lupinus formosus,Fabaceae,native
Lupinus fulcratus,Fabaceae,native
Lupinus gracilentus,Fabaceae,native
Lupinus grayi,Fabaceae,native
Lupinus latifolius,Fabaceae,native
Lupinus lepidus,Fabaceae,native
Lupinus lyallii,Fabaceae,native
Lupinus meionanthus,Fabaceae,native
Lupinus nanus,Fabaceae,native
Lupinus sellulus,Fabaceae,native
Lupinus stiversii,Fabaceae,native
Medicago lupulina,Fabaceae,invasive
Medicago polymorpha,Fabaceae,invasive
Medicago sativa,Fabaceae,invasive
Melilotus albus,Fabaceae,invasive
Melilotus indicus,Fabaceae,invasive
Melilotus officinalis,Fabaceae,invasive
Robinia pseudoacacia,Fabaceae,invasive
Trifolium albopurpureum,Fabaceae,native
Trifolium bolanderi,Fabaceae,native
Trifolium breweri,Fabaceae,native
Trifolium ciliolatum,Fabaceae,native
Trifolium dubium,Fabaceae,invasive
Trifolium hirtum,Fabaceae,invasive
Trifolium longipes,Fabaceae,native
Trifolium microcephalum,Fabaceae,native
Trifolium monanthum,Fabaceae,native
Trifolium obtusiflorum,Fabaceae,native
Trifolium pratense,Fabaceae,invasive
Trifolium repens,Fabaceae,invasive
Trifolium variegatum,Fabaceae,native
Trifolium willdenovii,Fabaceae,native
Trifolium wormskioldii,Fabaceae,native
Vicia americana,Fabaceae,native
Vicia benghalensis,Fabaceae,invasive
Vicia sativa,Fabaceae,invasive
Chrysolepis sempervirens,Fagaceae,native
Notholithocarpus densiflorus,Fagaceae,native
Quercus chrysolepis,Fagaceae,native
Quercus garryana,Fagaceae,native
Quercus kelloggii,Fagaceae,native
Quercus lobata,Fagaceae,native
Quercus morehus,Fagaceae,native
Quercus vacciniifolia,Fagaceae,native
Quercus wislizeni,Fagaceae,native
Garrya flavescens,Garryaceae,native
Garrya fremontii,Garryaceae,native
Comastoma tenellum,Gentianaceae,native
Frasera speciosa,Gentianaceae,native
Gentiana calycosa,Gentianaceae,native
Gentiana newberryi,Gentianaceae,native
Gentianella amarella,Gentianaceae,native
Gentianopsis holopetala,Gentianaceae,native
Gentianopsis simplex,Gentianaceae,native
Zeltnera abramsii,Gentianaceae,native
Zeltnera venusta,Gentianaceae,native
Erodium botrys,Geraniaceae,invasive
Erodium cicutarium,Geraniaceae,invasive
Geranium californicum,Geraniaceae,native
Geranium carolinianum,Geraniaceae,native
Geranium dissectum,Geraniaceae,invasive
Geranium richardsonii,Geraniaceae,native
Geranium robertianum,Geraniaceae,invasive
Ribes cereum,Grossulariaceae,native
Ribes inerme,Grossulariaceae,native
Ribes lasianthum,Grossulariaceae,native
Ribes montigenum,Grossulariaceae,native
Ribes nevadense,Grossulariaceae,native
Ribes roezlii,Grossulariaceae,native
Ribes viscosissimum,Grossulariaceae,native
Myriophyllum sibiricum,Haloragaceae,native
Philadelphus lewisii,Hydrangeaceae,native
Hypericum anagalloides,Hypericaceae,native
Hypericum calycinum,Hypericaceae,invasive
Hypericum perforatum,Hypericaceae,invasive
Hypericum scouleri,Hypericaceae,native
Juglans hindsii,Juglandaceae,invasive
Agastache urticifolia,Lamiaceae,native
Ajuga reptans,Lamiaceae,invasive
Glechoma hederacea,Lamiaceae,invasive
Lamium amplexicaule,Lamiaceae,native
Lepechinia calycina,Lamiaceae,native
Lycopus uniflorus,Lamiaceae,native
Marrubium vulgare,Lamiaceae,invasive
Melissa officinalis,Lamiaceae,invasive
Mentha arvensis,Lamiaceae,native
Mentha arvensis,Lamiaceae,invasive
Mentha spicata,Lamiaceae,invasive
Monardella breweri,Lamiaceae,native
Monardella candicans,Lamiaceae,native
Monardella odoratissima,Lamiaceae,native
Monardella sheltonii,Lamiaceae,native
Monardella villosa,Lamiaceae,native
Nepeta cataria,Lamiaceae,invasive
Prunella vulgaris,Lamiaceae,native
Pycnanthemum californicum,Lamiaceae,native
Salvia columbariae,Lamiaceae,native
Scutellaria bolanderi,Lamiaceae,native
Scutellaria siphocampyloides,Lamiaceae,native
Scutellaria tuberosa,Lamiaceae,native
Stachys ajugoides,Lamiaceae,native
Stachys albens,Lamiaceae,native
Stachys rigida,Lamiaceae,native
Trichostema lanceolatum,Lamiaceae,native
Trichostema oblongum,Lamiaceae,native
Umbellularia californica,Lauraceae,native
Utricularia gibba,Lentibulariaceae,native
Utricularia intermedia,Lentibulariaceae,native
Utricularia macrorhiza,Lentibulariaceae,native
Utricularia minor,Lentibulariaceae,native
Limnanthes alba,Limnanthaceae,native
Limnanthes douglasii,Limnanthaceae,native
Limnanthes montana,Limnanthaceae,native
Linum lewisii,Linaceae,native
Sclerolinon digynum,Linaceae,native
Lindernia dubia,Linderniaceae,native
Mentzelia crocea,Loasaceae,native
Mentzelia dispersa,Loasaceae,native
Mentzelia laevicaulis,Loasaceae,native
Mentzelia lindleyi,Loasaceae,native
Lythrum hyssopifolia,Lythraceae,native
Lythrum portula,Lythraceae,invasive
Rotala ramosior,Lythraceae,native
Malva nicaeensis,Malvaceae,invasive
Malva parviflora,Malvaceae,invasive
Sidalcea asprella,Malvaceae,native
Sidalcea glaucescens,Malvaceae,native
Sidalcea reptans,Malvaceae,native
Menyanthes trifoliata,Menyanthaceae,native
Mollugo verticillata,Molluginaceae,invasive
Calandrinia menziesii,Montiaceae,native
Calyptridium monospermum,Montiaceae,native
Calyptridium umbellatum,Montiaceae,native
Claytonia lanceolata,Montiaceae,native
Claytonia megarhiza,Montiaceae,native
Claytonia nevadensis,Montiaceae,native
Claytonia parviflora,Montiaceae,native
Claytonia perfoliata,Montiaceae,native
Claytonia rubra,Montiaceae,native
Lewisia congdonii,Montiaceae,native
Lewisia disepala,Montiaceae,native
Lewisia glandulosa,Montiaceae,native
Lewisia kelloggii,Montiaceae,native
Lewisia nevadensis,Montiaceae,native
Lewisia pygmaea,Montiaceae,native
Lewisia triphylla,Montiaceae,native
Montia chamissoi,Montiaceae,native
Montia fontana,Montiaceae,native
Montia linearis,Montiaceae,native
Montia parvifolia,Montiaceae,native
Myrica hartwegii,Myricaceae,native
Nuphar polysepala,Nymphaeaceae,native
Fraxinus latifolia,Oleaceae,native
Syringa vulgaris,Oleaceae,invasive
Camissonia contorta,Onagraceae,native
Camissonia lacustris,Onagraceae,native
Camissonia sierrae,Onagraceae,native
Chamaenerion angustifolium,Onagraceae,native
Chamaenerion latifolium,Onagraceae,native
Circaea alpina,Onagraceae,native
Clarkia australis,Onagraceae,native
Clarkia biloba,Onagraceae,native
Clarkia cylindrica,Onagraceae,native
Clarkia dudleyana,Onagraceae,native
Clarkia heterandra,Onagraceae,native
Clarkia modesta,Onagraceae,native
Clarkia purpurea,Onagraceae,native
Clarkia rhomboidea,Onagraceae,native
Clarkia unguiculata,Onagraceae,native
Clarkia williamsonii,Onagraceae,native
Epilobium anagallidifolium,Onagraceae,native
Epilobium brachycarpum,Onagraceae,native
Epilobium canum,Onagraceae,native
Epilobium ciliatum,Onagraceae,native
Epilobium densiflorum,Onagraceae,native
Epilobium glaberrimum,Onagraceae,native
Epilobium hallianum,Onagraceae,native
Epilobium hornemannii,Onagraceae,native
Epilobium howellii,Onagraceae,native
Epilobium lactiflorum,Onagraceae,native
Epilobium minutum,Onagraceae,native
Epilobium obcordatum,Onagraceae,native
Epilobium oreganum,Onagraceae,native
Epilobium oregonense,Onagraceae,native
Epilobium saximontanum,Onagraceae,native
Epilobium torreyi,Onagraceae,native
Gayophytum decipiens,Onagraceae,native
Gayophytum diffusum,Onagraceae,native
Gayophytum eriospermum,Onagraceae,native
Gayophytum heterozygum,Onagraceae,native
Gayophytum humile,Onagraceae,native
Gayophytum racemosum,Onagraceae,native
Gayophytum ramosissimum,Onagraceae,native
Ludwigia palustris,Onagraceae,native
Oenothera elata,Onagraceae,native
Aphyllon californicum,Orobanchaceae,native
Aphyllon corymbosum,Orobanchaceae,native
Aphyllon epigalium,Orobanchaceae,native
Aphyllon fasciculatum,Orobanchaceae,native
Aphyllon franciscanum,Orobanchaceae,native
Aphyllon purpureum,Orobanchaceae,native
Castilleja applegatei,Orobanchaceae,native
Castilleja arachnoidea,Orobanchaceae,native
Castilleja attenuata,Orobanchaceae,native
Castilleja densiflora,Orobanchaceae,native
Castilleja disticha,Orobanchaceae,native
Castilleja exserta,Orobanchaceae,native
Castilleja lacera,Orobanchaceae,native
Castilleja lemmonii,Orobanchaceae,native
Castilleja lineariloba,Orobanchaceae,native
Castilleja miniata,Orobanchaceae,native
Castilleja nana,Orobanchaceae,native
Castilleja peirsonii,Orobanchaceae,native
Castilleja pilosa,Orobanchaceae,native
Castilleja tenuis,Orobanchaceae,native
Cordylanthus pilosus,Orobanchaceae,native
Cordylanthus rigidus,Orobanchaceae,native
Cordylanthus tenuis,Orobanchaceae,native
Orthocarpus cuspidatus,Orobanchaceae,native
Orthocarpus luteus,Orobanchaceae,native
Pedicularis attollens,Orobanchaceae,native
Pedicularis densiflora,Orobanchaceae,native
Pedicularis groenlandica,Orobanchaceae,native
Pedicularis semibarbata,Orobanchaceae,native
Oxalis albicans,Oxalidaceae,native
Oxalis corniculata,Oxalidaceae,invasive
Oxalis dillenii,Oxalidaceae,invasive
Oxalis stricta,Oxalidaceae,invasive
Dicentra formosa,Papaveraceae,native
Dicentra pauciflora,Papaveraceae,native
Dicentra uniflora,Papaveraceae,native
Ehrendorferia chrysantha,Papaveraceae,native
Eschscholzia caespitosa,Papaveraceae,native
Eschscholzia californica,Papaveraceae,native
Romneya coulteri,Papaveraceae,native
Diplacus bolanderi,Phrymaceae,native
Diplacus graniticola,Phrymaceae,native
Diplacus kelloggii,Phrymaceae,native
Diplacus layneae,Phrymaceae,native
Diplacus leptaleus,Phrymaceae,native
Diplacus mephiticus,Phrymaceae,native
Diplacus pulchellus,Phrymaceae,native
Diplacus torreyi,Phrymaceae,native
Erythranthe acutidens,Phrymaceae,native
Erythranthe androsacea,Phrymaceae,native
Erythranthe arenaria,Phrymaceae,native
Erythranthe bicolor,Phrymaceae,native
Erythranthe breweri,Phrymaceae,native
Erythranthe cardinalis,Phrymaceae,native
Erythranthe corallina,Phrymaceae,native
Erythranthe erubescens,Phrymaceae,native
Erythranthe filicaulis,Phrymaceae,native
Erythranthe floribunda,Phrymaceae,native
Erythranthe guttata,Phrymaceae,native
Erythranthe inconspicua,Phrymaceae,native
Erythranthe laciniata,Phrymaceae,native
Erythranthe microphylla,Phrymaceae,native
Erythranthe moschata,Phrymaceae,native
Erythranthe nasuta,Phrymaceae,native
Erythranthe primuloides,Phrymaceae,native
Erythranthe rubella,Phrymaceae,native
Erythranthe suksdorfii,Phrymaceae,native
Erythranthe tilingii,Phrymaceae,native
Mimetanthe pilosa,Phrymaceae,native
Mimulus angustatus,Phrymaceae,native
Antirrhinum leptaleum,Plantaginaceae,native
Callitriche heterophylla,Plantaginaceae,native
Callitriche marginata,Plantaginaceae,native
Callitriche palustris,Plantaginaceae,native
Collinsia bartsiifolia,Plantaginaceae,native
Collinsia childii,Plantaginaceae,native
Collinsia heterophylla,Plantaginaceae,native
Collinsia linearis,Plantaginaceae,native
Collinsia parviflora,Plantaginaceae,native
Collinsia tinctoria,Plantaginaceae,native
Collinsia torreyi,Plantaginaceae,native
Digitalis purpurea,Plantaginaceae,invasive
Gratiola ebracteata,Plantaginaceae,native
Gratiola neglecta,Plantaginaceae,native
Hippuris vulgaris,Plantaginaceae,native
Keckiella breviflora,Plantaginaceae,native
Limosella acaulis,Plantaginaceae,native
Limosella aquatica,Plantaginaceae,native
Penstemon azureus,Plantaginaceae,native
Penstemon davidsonii,Plantaginaceae,native
Penstemon heterodoxus,Plantaginaceae,native
Penstemon heterophyllus,Plantaginaceae,native
Penstemon laetus,Plantaginaceae,native
Penstemon newberryi,Plantaginaceae,native
Penstemon procerus,Plantaginaceae,native
Penstemon roezlii,Plantaginaceae,native
Penstemon rostriflorus,Plantaginaceae,native
Penstemon rydbergii,Plantaginaceae,native
Plantago erecta,Plantaginaceae,native
Plantago lanceolata,Plantaginaceae,invasive
Plantago major,Plantaginaceae,invasive
Veronica americana,Plantaginaceae,native
Veronica anagallis-aquatica,Plantaginaceae,invasive
Veronica arvensis,Plantaginaceae,invasive
Veronica cusickii,Plantaginaceae,native
Veronica filiformis,Plantaginaceae,invasive
Veronica peregrina,Plantaginaceae,native
Veronica persica,Plantaginaceae,invasive
Veronica scutellata,Plantaginaceae,native
Veronica serpyllifolia,Plantaginaceae,native
Veronica wormskjoldii,Plantaginaceae,native
Allophyllum capillare,Polemoniaceae,native
Allophyllum divaricatum,Polemoniaceae,native
Allophyllum gilioides,Polemoniaceae,native
Allophyllum integrifolium,Polemoniaceae,native
Collomia grandiflora,Polemoniaceae,native
Collomia heterophylla,Polemoniaceae,native
Collomia linearis,Polemoniaceae,native
Collomia tinctoria,Polemoniaceae,native
Gilia capitata,Polemoniaceae,native
Gilia tricolor,Polemoniaceae,native
Ipomopsis aggregata,Polemoniaceae,native
Leptosiphon bicolor,Polemoniaceae,native
Leptosiphon ciliatus,Polemoniaceae,native
Leptosiphon filipes,Polemoniaceae,native
Leptosiphon liniflorus,Polemoniaceae,native
Leptosiphon montanus,Polemoniaceae,native
Leptosiphon nuttallii,Polemoniaceae,native
Linanthus dichotomus,Polemoniaceae,native
Linanthus harknessii,Polemoniaceae,native
Linanthus pungens,Polemoniaceae,native
Microsteris gracilis,Polemoniaceae,native
Navarretia crystallina,Polemoniaceae,native
Navarretia divaricata,Polemoniaceae,native
Navarretia intertexta,Polemoniaceae,native
Navarretia leptalea,Polemoniaceae,native
Navarretia linearifolia,Polemoniaceae,native
Navarretia viscidula,Polemoniaceae,native
Navarretia vividior,Polemoniaceae,native
Phlox condensata,Polemoniaceae,native
Phlox diffusa,Polemoniaceae,native
Phlox pulvinata,Polemoniaceae,native
Phlox speciosa,Polemoniaceae,native
Polemonium californicum,Polemoniaceae,native
Polemonium eximium,Polemoniaceae,native
Polemonium occidentale,Polemoniaceae,native
Polemonium pulcherrimum,Polemoniaceae,native
Bistorta bistortoides,Polygonaceae,native
Chorizanthe membranacea,Polygonaceae,native
Eriogonum gracile,Polygonaceae,native
Eriogonum hirtiflorum,Polygonaceae,native
Eriogonum incanum,Polygonaceae,native
Eriogonum lobbii,Polygonaceae,native
Eriogonum luteolum,Polygonaceae,native
Eriogonum marifolium,Polygonaceae,native
Eriogonum microtheca,Polygonaceae,native
Eriogonum nudum,Polygonaceae,native
Eriogonum ovalifolium,Polygonaceae,native
Eriogonum prattenianum,Polygonaceae,native
Eriogonum rosense,Polygonaceae,native
Eriogonum roseum,Polygonaceae,native
Eriogonum spergulinum,Polygonaceae,native
Eriogonum umbellatum,Polygonaceae,native
Eriogonum wrightii,Polygonaceae,native
Fallopia convolvulus,Polygonaceae,native
Koenigia phytolaccifolia,Polygonaceae,native
Oxyria digyna,Polygonaceae,native
Persicaria amphibia,Polygonaceae,native
Persicaria hydropiper,Polygonaceae,invasive
Persicaria hydropiperoides,Polygonaceae,native
Persicaria lapathifolia,Polygonaceae,native
Persicaria maculosa,Polygonaceae,invasive
Polygonum aviculare,Polygonaceae,invasive
Polygonum californicum,Polygonaceae,native
Polygonum douglasii,Polygonaceae,native
Polygonum minimum,Polygonaceae,native
Polygonum parryi,Polygonaceae,native
Polygonum polygaloides,Polygonaceae,native
Polygonum ramosissimum,Polygonaceae,invasive
Polygonum sawatchense,Polygonaceae,native
Polygonum shastense,Polygonaceae,native
Pterostegia drymarioides,Polygonaceae,native
Rumex acetosella,Polygonaceae,invasive
Rumex californicus,Polygonaceae,native
Rumex conglomeratus,Polygonaceae,invasive
Rumex crispus,Polygonaceae,invasive
Rumex paucifolius,Polygonaceae,native
Rumex pulcher,Polygonaceae,invasive
Rumex salicifolius,Polygonaceae,native
Rumex triangulivalvis,Polygonaceae,native
Rumex utahensis,Polygonaceae,native
Portulaca oleracea,Portulacaceae,invasive
Androsace septentrionalis,Primulaceae,native
Lysimachia arvensis,Primulaceae,invasive
Lysimachia latifolia,Primulaceae,native
Primula hendersonii,Primulaceae,native
Primula jeffreyi,Primulaceae,native
Primula pauciflora,Primulaceae,native
Primula subalpina,Primulaceae,native
Primula suffrutescens,Primulaceae,native
Primula tetrandra,Primulaceae,native
Aconitum columbianum,Ranunculaceae,native
Actaea rubra,Ranunculaceae,native
Anemone drummondii,Ranunculaceae,native
Aquilegia formosa,Ranunculaceae,native
Aquilegia pubescens,Ranunculaceae,native
Caltha leptosepala,Ranunculaceae,native
Clematis lasiantha,Ranunculaceae,native
Clematis ligusticifolia,Ranunculaceae,native
Delphinium depauperatum,Ranunculaceae,native
Delphinium glaucum,Ranunculaceae,native
Delphinium gracilentum,Ranunculaceae,native
Delphinium hansenii,Ranunculaceae,native
Delphinium hesperium,Ranunculaceae,native
Delphinium nudicaule,Ranunculaceae,native
Delphinium nuttallianum,Ranunculaceae,native
Delphinium patens,Ranunculaceae,native
Delphinium polycladon,Ranunculaceae,native
Enemion occidentale,Ranunculaceae,native
Halerpestes cymbalaria,Ranunculaceae,native
Kumlienia hystricula,Ranunculaceae,native
Pulsatilla occidentalis,Ranunculaceae,native
Ranunculus alismifolius,Ranunculaceae,native
Ranunculus californicus,Ranunculaceae,native
Ranunculus eschscholtzii,Ranunculaceae,native
Ranunculus flammula,Ranunculaceae,native
Ranunculus glaberrimus,Ranunculaceae,native
Ranunculus hebecarpus,Ranunculaceae,native
Ranunculus muricatus,Ranunculaceae,invasive
Ranunculus occidentalis,Ranunculaceae,native
Ranunculus orthorhynchus,Ranunculaceae,native
Ranunculus repens,Ranunculaceae,invasive
Ranunculus trichophyllus,Ranunculaceae,native
Ranunculus uncinatus,Ranunculaceae,native
Thalictrum fendleri,Ranunculaceae,native
Thalictrum sparsiflorum,Ranunculaceae,native
Ceanothus arcuatus,Rhamnaceae,native
Ceanothus cordulatus,Rhamnaceae,native
Ceanothus cuneatus,Rhamnaceae,native
Ceanothus diversifolius,Rhamnaceae,native
Ceanothus fresnensis,Rhamnaceae,native
Ceanothus integerrimus,Rhamnaceae,native
Ceanothus leucodermis,Rhamnaceae,native
Ceanothus parvifolius,Rhamnaceae,native
Ceanothus velutinus,Rhamnaceae,native
Frangula californica,Rhamnaceae,native
Frangula rubra,Rhamnaceae,native
Rhamnus ilicifolia,Rhamnaceae,native
Adenostoma fasciculatum,Rosaceae,native
Amelanchier alnifolia,Rosaceae,native
Amelanchier utahensis,Rosaceae,native
Argentina anserina,Rosaceae,native
Cercocarpus betuloides,Rosaceae,native
Chamaebatia foliolosa,Rosaceae,native
Dasiphora fruticosa,Rosaceae,native
Drymocallis glandulosa,Rosaceae,native
Drymocallis hansenii,Rosaceae,native
Drymocallis lactea,Rosaceae,native
Fragaria vesca,Rosaceae,native
Fragaria virginiana,Rosaceae,native
Geum macrophyllum,Rosaceae,native
Holodiscus discolor,Rosaceae,native
Horkelia fusca,Rosaceae,native
Horkelia tridentata,Rosaceae,native
Ivesia gordonii,Rosaceae,native
Ivesia lycopodioides,Rosaceae,native
Ivesia muirii,Rosaceae,native
Ivesia santolinoides,Rosaceae,native
Ivesia shockleyi,Rosaceae,native
Ivesia unguiculata,Rosaceae,native
Physocarpus capitatus,Rosaceae,native
Potentilla amicarum,Rosaceae,native
Potentilla breweri,Rosaceae,native
Potentilla bruceae,Rosaceae,native
Potentilla diversifolia,Rosaceae,native
Potentilla drummondii,Rosaceae,native
Potentilla flabellifolia,Rosaceae,native
Potentilla glaucophylla,Rosaceae,native
Potentilla gracilis,Rosaceae,native
Potentilla grayi,Rosaceae,native
Potentilla indica,Rosaceae,invasive
Potentilla pensylvanica,Rosaceae,native
Potentilla pseudosericea,Rosaceae,native
Prunus cerasifera,Rosaceae,invasive
Prunus emarginata,Rosaceae,native
Prunus persica,Rosaceae,invasive
Prunus subcordata,Rosaceae,native
Prunus virginiana,Rosaceae,native
Rosa bridgesii,Rosaceae,native
Rosa californica,Rosaceae,native
Rosa gymnocarpa,Rosaceae,native
Rosa woodsii,Rosaceae,native
Rubus armeniacus,Rosaceae,invasive
Rubus glaucifolius,Rosaceae,native
Rubus laciniatus,Rosaceae,invasive
Rubus leucodermis,Rosaceae,native
Rubus parviflorus,Rosaceae,native
Rubus ulmifolius,Rosaceae,invasive
Rubus ursinus,Rosaceae,native
Sibbaldia procumbens,Rosaceae,native
Sorbus californica,Rosaceae,native
Sorbus scopulina,Rosaceae,native
Spiraea splendens,Rosaceae,native
Cephalanthus occidentalis,Rubiaceae,native
Galium aparine,Rubiaceae,native
Galium bifolium,Rubiaceae,native
Galium bolanderi,Rubiaceae,native
Galium boreale,Rubiaceae,native
Galium mexicanum,Rubiaceae,native
Galium parisiense,Rubiaceae,invasive
Galium porrigens,Rubiaceae,native
Galium sparsiflorum,Rubiaceae,native
Galium trifidum,Rubiaceae,native
Galium triflorum,Rubiaceae,native
Kelloggia galioides,Rubiaceae,native
Populus tremuloides,Salicaceae,native
Populus trichocarpa,Salicaceae,native
Salix boothii,Salicaceae,native
Salix eastwoodiae,Salicaceae,native
Salix exigua,Salicaceae,native
Salix geyeriana,Salicaceae,native
Salix jepsonii,Salicaceae,native
Salix laevigata,Salicaceae,native
Salix lasiandra,Salicaceae,native
Salix lasiolepis,Salicaceae,native
Salix lemmonii,Salicaceae,native
Salix ligulifolia,Salicaceae,native
Salix lutea,Salicaceae,native
Salix melanopsis,Salicaceae,native
Salix nivalis,Salicaceae,native
Salix orestera,Salicaceae,native
Salix petrophila,Salicaceae,native
Salix planifolia,Salicaceae,native
Salix prolixa,Salicaceae,native
Salix scouleriana,Salicaceae,native
Arceuthobium abietinum,Santalaceae,native
Arceuthobium americanum,Santalaceae,native
Arceuthobium californicum,Santalaceae,native
Arceuthobium campylopodum,Santalaceae,native
Comandra umbellata,Santalaceae,native
Phoradendron bolleanum,Santalaceae,native
Phoradendron juniperinum,Santalaceae,native
Phoradendron leucarpum,Santalaceae,native
Phoradendron libocedri,Santalaceae,native
Phoradendron pauciflorum,Santalaceae,native
Phoradendron villosum,Santalaceae,native
Acer circinatum,Sapindaceae,native
Acer glabrum,Sapindaceae,native
Acer macrophyllum,Sapindaceae,native
Aesculus californica,Sapindaceae,native
Bolandra californica,Saxifragaceae,native
Boykinia major,Saxifragaceae,native
Brewerimitella breweri,Saxifragaceae,native
Darmera peltata,Saxifragaceae,native
Heuchera micrantha,Saxifragaceae,native
Heuchera rubescens,Saxifragaceae,native
Lithophragma affine,Saxifragaceae,native
Lithophragma bolanderi,Saxifragaceae,native
Lithophragma glabrum,Saxifragaceae,native
Lithophragma heterophyllum,Saxifragaceae,native
Lithophragma parviflorum,Saxifragaceae,native
Micranthes aprica,Saxifragaceae,native
Micranthes bryophora,Saxifragaceae,native
Micranthes californica,Saxifragaceae,native
Micranthes nidifica,Saxifragaceae,native
Micranthes odontoloma,Saxifragaceae,native
Micranthes oregana,Saxifragaceae,native
Micranthes tolmiei,Saxifragaceae,native
Pectiantia pentandra,Saxifragaceae,native
Saxifraga hyperborea,Saxifragaceae,native
Saxifraga mertensiana,Saxifragaceae,native
Scrophularia californica,Scrophulariaceae,native
Scrophularia desertorum,Scrophulariaceae,native
Verbascum blattaria,Scrophulariaceae,invasive
Verbascum thapsus,Scrophulariaceae,invasive
Verbascum virgatum,Scrophulariaceae,invasive
Ailanthus altissima,Simaroubaceae,invasive
Datura wrightii,Solanaceae,native
Nicotiana acuminata,Solanaceae,invasive
Nicotiana attenuata,Solanaceae,native
Solanum americanum,Solanaceae,native
Solanum nigrum,Solanaceae,invasive
Solanum xanti,Solanaceae,native
Staphylea bolanderi,Staphyleaceae,native
Urtica urens,Urticaceae,invasive
Verbena hastata,Verbenaceae,native
Verbena lasiostachys,Verbenaceae,native
Sambucus cerulea,Viburnaceae,native
Sambucus racemosa,Viburnaceae,native
Viola adunca,Violaceae,native
Viola arvensis,Violaceae,invasive
Viola bakeri,Violaceae,native
Viola glabella,Violaceae,native
Viola lobata,Violaceae,native
Viola macloskeyi,Violaceae,native
Viola odorata,Violaceae,invasive
Viola pinetorum,Violaceae,native
Viola purpurea,Violaceae,native
Viola sheltonii,Violaceae,native
Parthenocissus inserta,Vitaceae,invasive
Parthenocissus quinquefolia,Vitaceae,invasive
Vitis californica,Vitaceae,native
Tribulus terrestris,Zygophyllaceae,invasive
Bulbostylis capillaris,Cyperaceae,native
Calliscirpus brachythrix,Cyperaceae,native
Calliscirpus criniger,Cyperaceae,native
Carex abrupta,Cyperaceae,native
Carex albonigra,Cyperaceae,native
Carex alma,Cyperaceae,native
Carex amplifolia,Cyperaceae,native
Carex angustata,Cyperaceae,native
Carex aquatilis,Cyperaceae,native
Carex athrostachya,Cyperaceae,native
Carex aurea,Cyperaceae,native
Carex bolanderi,Cyperaceae,native
Carex brainerdii,Cyperaceae,native
Carex breweri,Cyperaceae,native
Carex buxbaumii,Cyperaceae,native
Carex canescens,Cyperaceae,native
Carex capillaris,Cyperaceae,native
Carex capitata,Cyperaceae,native
Carex congdonii,Cyperaceae,native
Carex cusickii,Cyperaceae,native
Carex davyi,Cyperaceae,native
Carex deflexa,Cyperaceae,native
Carex densa,Cyperaceae,native
Carex diandra,Cyperaceae,native
Carex douglasii,Cyperaceae,native
Carex echinata,Cyperaceae,native
Carex feta,Cyperaceae,native
Carex filifolia,Cyperaceae,native
Carex fissuricola,Cyperaceae,native
Carex fracta,Cyperaceae,native
Carex hassei,Cyperaceae,native
Carex haydeniana,Cyperaceae,native
Carex helleri,Cyperaceae,native
Carex heteroneura,Cyperaceae,native
Carex hoodii,Cyperaceae,native
Carex illota,Cyperaceae,native
Carex incurviformis,Cyperaceae,native
Carex integra,Cyperaceae,native
Carex jonesii,Cyperaceae,native
Carex kelloggii,Cyperaceae,native
Carex lemmonii,Cyperaceae,native
Carex leporinella,Cyperaceae,native
Carex leptopoda,Cyperaceae,native
Carex limosa,Cyperaceae,native
Carex luzulifolia,Cyperaceae,native
Carex luzulina,Cyperaceae,native
Carex mariposana,Cyperaceae,native
Carex microptera,Cyperaceae,native
Carex multicaulis,Cyperaceae,native
Carex multicostata,Cyperaceae,native
Carex nebrascensis,Cyperaceae,native
Carex nervina,Cyperaceae,native
Carex nigricans,Cyperaceae,native
Carex nudata,Cyperaceae,native
Carex orestera,Cyperaceae,native
Carex pachystachya,Cyperaceae,native
Carex pellita,Cyperaceae,native
Carex phaeocephala,Cyperaceae,native
Carex praeceptorum,Cyperaceae,native
Carex praegracilis,Cyperaceae,native
Carex praticola,Cyperaceae,native
Carex preslii,Cyperaceae,native
Carex raynoldsii,Cyperaceae,native
Carex rossii,Cyperaceae,native
Carex sartwelliana,Cyperaceae,native
Carex scirpoidea,Cyperaceae,native
Carex scopulorum,Cyperaceae,native
Carex senta,Cyperaceae,native
Carex serratodens,Cyperaceae,native
Carex simulata,Cyperaceae,native
Carex specifica,Cyperaceae,native
Carex spectabilis,Cyperaceae,native
Carex stipata,Cyperaceae,native
Carex straminiformis,Cyperaceae,native
Carex subfusca,Cyperaceae,native
Carex subnigricans,Cyperaceae,native
Carex tahoensis,Cyperaceae,native
Carex tompkinsii,Cyperaceae,native
Carex utriculata,Cyperaceae,native
Carex vernacula,Cyperaceae,native
Carex vesicaria,Cyperaceae,native
Carex viridula,Cyperaceae,native
Carex whitneyi,Cyperaceae,native
Cyperus eragrostis,Cyperaceae,native
Cyperus esculentus,Cyperaceae,native
Cyperus hemioccidentalis,Cyperaceae,native
Cyperus squarrosus,Cyperaceae,native
Dulichium arundinaceum,Cyperaceae,native
Eleocharis acicularis,Cyperaceae,native
Eleocharis bella,Cyperaceae,native
Eleocharis bolanderi,Cyperaceae,native
Eleocharis decumbens,Cyperaceae,native
Eleocharis engelmannii,Cyperaceae,native
Eleocharis macrostachya,Cyperaceae,native
Eleocharis obtusa,Cyperaceae,native
Eleocharis ovata,Cyperaceae,native
Eleocharis palustris,Cyperaceae,native
Eleocharis parishii,Cyperaceae,native
Eleocharis quinqueflora,Cyperaceae,native
Eriophorum gracile,Cyperaceae,native
Isolepis cernua,Cyperaceae,native
Lipocarpha micrantha,Cyperaceae,native
Oreobolopsis clementis,Cyperaceae,native
Schoenoplectus acutus,Cyperaceae,native
Schoenoplectus pungens,Cyperaceae,native
Schoenoplectus subterminalis,Cyperaceae,native
Scirpus congdonii,Cyperaceae,native
Scirpus cyperinus,Cyperaceae,invasive
Scirpus diffusus,Cyperaceae,native
Scirpus microcarpus,Cyperaceae,native
Elodea canadensis,Hydrocharitaceae,native
Elodea nuttallii,Hydrocharitaceae,native
Juncus amuricus,Juncaceae,native
Juncus balticus,Juncaceae,native
Juncus bryoides,Juncaceae,native
Juncus bufonius,Juncaceae,native
Juncus capillaris,Juncaceae,native
Juncus chlorocephalus,Juncaceae,native
Juncus confusus,Juncaceae,native
Juncus covillei,Juncaceae,native
Juncus drummondii,Juncaceae,native
Juncus dubius,Juncaceae,native
Juncus effusus,Juncaceae,native
Juncus ensifolius,Juncaceae,native
Juncus exiguus,Juncaceae,native
Juncus hemiendytus,Juncaceae,native
Juncus laccatus,Juncaceae,native
Juncus longistylis,Juncaceae,native
Juncus macrandrus,Juncaceae,native
Juncus mertensianus,Juncaceae,native
Juncus nevadensis,Juncaceae,native
Juncus occidentalis,Juncaceae,native
Juncus orthophyllus,Juncaceae,native
Juncus oxymeris,Juncaceae,native
Juncus parryi,Juncaceae,native
Juncus saximontanus,Juncaceae,native
Juncus tenuis,Juncaceae,native
Juncus tiehmii,Juncaceae,native
Juncus triformis,Juncaceae,native
Juncus uncialis,Juncaceae,native
Juncus xiphioides,Juncaceae,native
Luzula cascadensis,Juncaceae,native
Luzula comosa,Juncaceae,native
Luzula divaricata,Juncaceae,native
Luzula macrantha,Juncaceae,native
Luzula orestera,Juncaceae,native
Luzula parviflora,Juncaceae,native
Luzula spicata,Juncaceae,native
Luzula subcongesta,Juncaceae,native
Triglochin maritima,Juncaginaceae,native
Triglochin palustris,Juncaginaceae,native
Triglochin scilloides,Juncaginaceae,native
Agrostis capillaris,Poaceae,invasive
Agrostis exarata,Poaceae,native
Agrostis gigantea,Poaceae,invasive
Agrostis humilis,Poaceae,native
Agrostis idahoensis,Poaceae,native
Agrostis oregonensis,Poaceae,native
Agrostis pallens,Poaceae,native
Agrostis scabra,Poaceae,native
Agrostis stolonifera,Poaceae,native
Agrostis variabilis,Poaceae,native
Aira caryophyllea,Poaceae,invasive
Alopecurus aequalis,Poaceae,native
Alopecurus geniculatus,Poaceae,invasive
Andropogon virginicus,Poaceae,invasive
Avena barbata,Poaceae,invasive
Avena fatua,Poaceae,invasive
Briza minor,Poaceae,invasive
Bromus arenarius,Poaceae,invasive
Bromus carinatus,Poaceae,native
Bromus catharticus,Poaceae,invasive
Bromus ciliatus,Poaceae,native
Bromus diandrus,Poaceae,invasive
Bromus grandis,Poaceae,native
Bromus hordeaceus,Poaceae,invasive
Bromus inermis,Poaceae,native
Bromus japonicus,Poaceae,invasive
Bromus laevipes,Poaceae,invasive
Bromus madritensis,Poaceae,invasive
Bromus marginatus,Poaceae,native
Bromus orcuttianus,Poaceae,native
Bromus porteri,Poaceae,native
Bromus pumpellianus,Poaceae,invasive
Bromus rubens,Poaceae,invasive
Bromus secalinus,Poaceae,invasive
Bromus sterilis,Poaceae,invasive
Bromus suksdorfii,Poaceae,native
Bromus tectorum,Poaceae,invasive
Bromus vulgaris,Poaceae,native
Calamagrostis canadensis,Poaceae,native
Calamagrostis inexpansa,Poaceae,native
Calamagrostis muiriana,Poaceae,native
Calamagrostis purpurascens,Poaceae,native
Calamagrostis stricta,Poaceae,native
Cinna bolanderi,Poaceae,native
Cinna latifolia,Poaceae,native
Coleataenia rigidula,Poaceae,N/A
Cynodon dactylon,Poaceae,invasive
Cynosurus echinatus,Poaceae,invasive
Dactylis glomerata,Poaceae,invasive
Danthonia californica,Poaceae,native
Danthonia intermedia,Poaceae,native
Danthonia unispicata,Poaceae,native
Deschampsia cespitosa,Poaceae,native
Deschampsia danthonioides,Poaceae,native
Deschampsia elongata,Poaceae,native
Dichanthelium acuminatum,Poaceae,native
Dichanthelium lanuginosum,Poaceae,native
Digitaria ischaemum,Poaceae,invasive
Digitaria sanguinalis,Poaceae,invasive
Distichlis spicata,Poaceae,native
Echinochloa crus-galli,Poaceae,invasive
Elymus elymoides,Poaceae,native
Elymus glaucus,Poaceae,native
Elymus multisetus,Poaceae,native
Elymus saundersii,Poaceae,native
Elymus sierrae,Poaceae,native
Elymus stebbinsii,Poaceae,native
Elymus trachycaulus,Poaceae,native
Eragrostis cilianensis,Poaceae,invasive
Eragrostis pilosa,Poaceae,native
Eragrostis virescens,Poaceae,native
Eriocoma latiglumis,Poaceae,native
Eriocoma lemmonii,Poaceae,native
Eriocoma nelsonii,Poaceae,native
Eriocoma nevadensis,Poaceae,native
Eriocoma occidentalis,Poaceae,native
Eriocoma thurberiana,Poaceae,native
Festuca brachyphylla,Poaceae,native
Festuca idahoensis,Poaceae,native
Festuca microstachys,Poaceae,native
Festuca minutiflora,Poaceae,native
Festuca myuros,Poaceae,invasive
Festuca occidentalis,Poaceae,native
Festuca pratensis,Poaceae,invasive
Festuca rubra,Poaceae,native
Festuca saximontana,Poaceae,native
Festuca subulata,Poaceae,native
Festuca viridula,Poaceae,native
Glyceria borealis,Poaceae,native
Glyceria elata,Poaceae,native
Glyceria striata,Poaceae,native
Graphephorum canescens,Poaceae,native
Graphephorum wolfii,Poaceae,native
Holcus lanatus,Poaceae,invasive
Hordeum brachyantherum,Poaceae,native
Hordeum marinum,Poaceae,invasive
Hordeum murinum,Poaceae,invasive
Koeleria macrantha,Poaceae,native
Koeleria projecta,Poaceae,native
Koeleria spicata,Poaceae,native
Leymus triticoides,Poaceae,native
Lolium arundinaceum,Poaceae,invasive
Lolium multiflorum,Poaceae,invasive
Lolium perenne,Poaceae,invasive
Lolium temulentum,Poaceae,invasive
Melica aristata,Poaceae,native
Melica bulbosa,Poaceae,native
Melica californica,Poaceae,native
Melica harfordii,Poaceae,native
Melica imperfecta,Poaceae,native
Melica stricta,Poaceae,native
Melica subulata,Poaceae,native
Melica torreyana,Poaceae,native
Muhlenbergia andina,Poaceae,native
Muhlenbergia asperifolia,Poaceae,native
Muhlenbergia filiformis,Poaceae,native
Muhlenbergia minutissima,Poaceae,native
Muhlenbergia montana,Poaceae,native
Muhlenbergia richardsonis,Poaceae,native
Muhlenbergia rigens,Poaceae,native
Muhlenbergia schreberi,Poaceae,native
Panicum capillare,Poaceae,native
Panicum miliaceum,Poaceae,invasive
Parapholis incurva,Poaceae,invasive
Phalaris arundinacea,Poaceae,native
Phleum alpinum,Poaceae,native
Phleum pratense,Poaceae,invasive
Poa annua,Poaceae,invasive
Poa bolanderi,Poaceae,native
Poa bulbosa,Poaceae,invasive
Poa compressa,Poaceae,invasive
Poa cusickii,Poaceae,native
Poa fendleriana,Poaceae,native
Poa glauca,Poaceae,native
Poa keckii,Poaceae,native
Poa leptocoma,Poaceae,native
Poa nemoralis,Poaceae,invasive
Poa palustris,Poaceae,invasive
Poa pratensis,Poaceae,invasive
Poa pringlei,Poaceae,native
Poa secunda,Poaceae,native
Poa stebbinsii,Poaceae,native
Poa trivialis,Poaceae,invasive
Poa wheeleri,Poaceae,native
Polypogon maritimus,Poaceae,invasive
Polypogon monspeliensis,Poaceae,invasive
Polypogon viridis,Poaceae,invasive
Pseudoroegneria spicata,Poaceae,native
Ptilagrostiella kingii,Poaceae,native
Puccinellia nuttalliana,Poaceae,native
Scribneria bolanderi,Poaceae,native
Setaria pumila,Poaceae,invasive
Setaria viridis,Poaceae,invasive
Stipa lettermanii,Poaceae,native
Stipa pinetorum,Poaceae,native
Torreyochloa erecta,Poaceae,native
Torreyochloa pallida,Poaceae,native
Triticum aestivum,Poaceae,invasive
Vulpia bromoides,Poaceae,invasive
Potamogeton alpinus,Potamogetonaceae,native
Potamogeton epihydrus,Potamogetonaceae,native
Potamogeton foliosus,Potamogetonaceae,native
Potamogeton gramineus,Potamogetonaceae,native
Potamogeton natans,Potamogetonaceae,native
Potamogeton pusillus,Potamogetonaceae,native
Potamogeton robbinsii,Potamogetonaceae,native
Stuckenia filiformis,Potamogetonaceae,native
Sparganium angustifolium,Typhaceae,native
Sparganium emersum,Typhaceae,native
Sparganium natans,Typhaceae,native
Typha latifolia,Typhaceae,native
Alisma triviale,Alismataceae,native
Sagittaria cuneata,Alismataceae,native
Allium amplectens,Amaryllidaceae,native
Allium campanulatum,Amaryllidaceae,native
Allium obtusum,Amaryllidaceae,native
Allium tribracteatum,Amaryllidaceae,native
Allium validum,Amaryllidaceae,native
Allium yosemitense,Amaryllidaceae,native
Arum italicum,Araceae,invasive
Aralia californica,Araliaceae,native
Asparagus officinalis,Asparagaceae,invasive
Brodiaea elegans,Asparagaceae,native
Camassia leichtlinii,Asparagaceae,native
Camassia quamash,Asparagaceae,native
Chlorogalum pomeridianum,Asparagaceae,native
Dichelostemma congestum,Asparagaceae,native
Dichelostemma multiflorum,Asparagaceae,native
Dichelostemma volubile,Asparagaceae,native
Dipterostemon capitatus,Asparagaceae,native
Maianthemum racemosum,Asparagaceae,native
Maianthemum stellatum,Asparagaceae,native
Triteleia dudleyi,Asparagaceae,native
Triteleia hyacinthina,Asparagaceae,native
Triteleia ixioides,Asparagaceae,native
Triteleia laxa,Asparagaceae,native
Triteleia montana,Asparagaceae,native
Iris hartwegii,Iridaceae,native
Iris missouriensis,Iridaceae,native
Sisyrinchium bellum,Iridaceae,native
Sisyrinchium elmeri,Iridaceae,native
Sisyrinchium idahoense,Iridaceae,native
Calochortus leichtlinii,Liliaceae,native
Calochortus luteus,Liliaceae,native
Calochortus minimus,Liliaceae,native
Calochortus superbus,Liliaceae,native
Calochortus venustus,Liliaceae,native
Clintonia uniflora,Liliaceae,native
Fritillaria affinis,Liliaceae,native
Fritillaria atropurpurea,Liliaceae,native
Fritillaria micrantha,Liliaceae,native
Fritillaria pinetorum,Liliaceae,native
Lilium pardalinum,Liliaceae,native
Lilium parvum,Liliaceae,native
Lilium washingtonianum,Liliaceae,native
Prosartes hookeri,Liliaceae,native
Toxicoscordion exaltatum,Melanthiaceae,native
Toxicoscordion paniculatum,Melanthiaceae,native
Toxicoscordion venenosum,Melanthiaceae,native
Trillium angustipetalum,Melanthiaceae,native
Veratrum californicum,Melanthiaceae,native
Narthecium californicum,Nartheciaceae,native
Cephalanthera austiniae,Orchidaceae,native
Corallorhiza maculata,Orchidaceae,native
Corallorhiza striata,Orchidaceae,native
Cypripedium montanum,Orchidaceae,native
Epipactis gigantea,Orchidaceae,native
Epipactis helleborine,Orchidaceae,invasive
Goodyera oblongifolia,Orchidaceae,native
Neottia convallarioides,Orchidaceae,native
Platanthera colemanii,Orchidaceae,native
Platanthera dilatata,Orchidaceae,native
Platanthera elongata,Orchidaceae,native
Platanthera leptopetala,Orchidaceae,native
Platanthera sparsiflora,Orchidaceae,native
Platanthera transversa,Orchidaceae,native
Platanthera unalascensis,Orchidaceae,native
Platanthera yosemitensis,Orchidaceae,native
Spiranthes perexilis,Orchidaceae,native
Spiranthes porrifolia,Orchidaceae,native
Spiranthes romanzoffiana,Orchidaceae,native
Spiranthes x stellata,Orchidaceae,native
Triantha occidentalis,Tofieldiaceae,native
