scientific_name,establishment_means,voucher dates (1990 cutoff),first_voucher,last_voucher,First voucher since 1990,First iNat record since 1990
Planchonella australis,native,old_vouchers_only,1888,1888,,2021
Amyema pendula,native,old_vouchers_only,1888,1888,,
Grevillea patulifolia,native,old_vouchers_only,1888,1888,,
Melicytus dentatus,native,old_vouchers_only,1888,1888,,
Austrostipa pubescens,native,old_vouchers_only,1889,1889,,
Lobelia gibbosa,native,old_vouchers_only,1889,1889,,
Persoonia linearis,native,old_vouchers_only,1890,1890,,2020
Galinsoga parviflora,introduced,old_vouchers_only,1890,1890,,
Hibiscus richardsonii,native,old_vouchers_only,1890,1890,,
Passiflora edulis,introduced,old_vouchers_only,1890,1890,,
Coopernookia barbata,native,old_vouchers_only,1891,1891,,
Stackhousia monogyna,native,old_vouchers_only,1891,1891,,
Laxmannia gracilis,native,old_vouchers_only,1888,1892,,
Cycnogeton rheophilum,native,old_vouchers_only,1893,1893,,
Myoporum acuminatum,native,old_vouchers_only,1893,1893,,
Carex appressa,native,old_vouchers_only,1893,1894,,
Lobelia simplicicaulis,native,old_vouchers_only,1894,1894,,
Cassytha melantha,native,old_vouchers_only,1895,1895,,
Persicaria prostrata ,native,old_vouchers_only,1895,1895,,
Rumex tenax,native,old_vouchers_only,1895,1895,,
Juncus bufonius,native,old_vouchers_only,1895,1895,,
Cassinia aculeata,native,old_vouchers_only,1896,1896,,
Juncus vaginatus,native,old_vouchers_only,1893,1896,,
Pomaderris elliptica,native,old_vouchers_only,1896,1896,,
Acacia maidenii,native,old_vouchers_only,1897,1897,,
Ajuga australis,native,old_vouchers_only,1897,1897,,
Carex pumila,native,old_vouchers_only,1893,1897,,
Podolepis jaceoides,native,old_vouchers_only,1897,1897,,
Santalum obtusifolium,native,old_vouchers_only,1898,1898,,2024
Leptospermum morrisonii,native,old_vouchers_only,1898,1898,,
Muehlenbeckia gracillima,native,old_vouchers_only,1889,1898,,
Persoonia hirsuta,native,old_vouchers_only,1898,1898,,
Prunella vulgaris,introduced,old_vouchers_only,1894,1899,,2021
Jacksonia scoparia,native,old_vouchers_only,1899,1899,,
Lepidium pseudotasmanicum,native,old_vouchers_only,1899,1899,,
Pennantia cunninghamii,native,old_vouchers_only,1899,1899,,
Acacia stricta,native,old_vouchers_only,1901,1901,,2020
Cyanothamnus rigens,native,old_vouchers_only,1901,1901,,
Hemarthria uncinata,native,old_vouchers_only,1902,1902,,
Amyema congener,native,old_vouchers_only,1904,1904,,2020
Adiantum silvaticum,native,old_vouchers_only,1895,1904,,
Platysace ericoides,native,old_vouchers_only,1905,1905,,2021
Dictymia brownii,native,old_vouchers_only,1905,1905,,
Isolepis fluitans,native,old_vouchers_only,1905,1905,,
Dracophyllum secundum,native,old_vouchers_only,1902,1907,,2020
Boronia barkeriana,native,old_vouchers_only,1889,1908,,
Glycine clandestina,native,old_vouchers_only,1910,1910,,2020
Calomeria amaranthoides ,native,old_vouchers_only,1910,1910,,
Carex breviculmis,native,old_vouchers_only,1911,1911,,
Dampiera purpurea,native,old_vouchers_only,1896,1913,,2020
Dendrobium striolatum,native,old_vouchers_only,1890,1914,,2021
Bossiaea rhombifolia,native,old_vouchers_only,1915,1915,,
Pteris umbrosa,native,old_vouchers_only,1897,1915,,
Rubus nebulosus,native,old_vouchers_only,1897,1920,,
Acacia brownii,native,old_vouchers_only,1921,1921,,2020
Calochilus robertsonii,native,old_vouchers_only,1921,1921,,2020
Rhytidosporum procumbens,native,old_vouchers_only,1889,1921,,2020
Epacris purpurascens,native,old_vouchers_only,1889,1921,,
Pultenaea polifolia,native,old_vouchers_only,1920,1921,,
Micromyrtus ciliata,native,old_vouchers_only,1923,1923,,
Erythrorchis cassythoides,native,old_vouchers_only,1902,1924,,2019
Pultenaea retusa,native,old_vouchers_only,1924,1924,,2022
Euphrasia collina,native,old_vouchers_only,1888,1924,,
Eucalyptus tereticornis,native,old_vouchers_only,1925,1925,,
Acacia longissima,native,old_vouchers_only,1926,1926,,2021
Sigesbeckia orientalis,native,old_vouchers_only,1888,1926,,2024
Poranthera corymbosa,native,old_vouchers_only,1927,1927,,2020
Asplenium polyodon,native,old_vouchers_only,1927,1927,,
Poa tenera,native,old_vouchers_only,1927,1927,,
Pomaderris lanigera,native,old_vouchers_only,1888,1927,,
Muellerina celastroides,native,old_vouchers_only,1928,1928,,2023
Setaria parviflora,introduced,old_vouchers_only,1928,1928,,2023
Eragrostis cilianensis,introduced,old_vouchers_only,1928,1928,,
Eragrostis trachycarpa,native,old_vouchers_only,1928,1928,,
Pomaderris ledifolia,native,old_vouchers_only,1915,1928,,
Drosera auriculata,native,old_vouchers_only,1929,1929,,2020
Rorippa gigantea,native,old_vouchers_only,1888,1929,,
Echinochloa crus-galli,introduced,old_vouchers_only,1930,1930,,
Setaria distans,native,old_vouchers_only,1930,1930,,
Digitaria parviflora,native,old_vouchers_only,1929,1931,,
Dillwynia sericea,native,old_vouchers_only,1893,1932,,
Goodenia heterophylla,native,old_vouchers_only,1933,1933,,2022
Phyllanthus hirtellus,native,old_vouchers_only,1933,1933,,2020
Coronidium gunnianum,native,old_vouchers_only,1933,1933,,
Styphelia longifolia,native,old_vouchers_only,1933,1933,,
Asplenium australasicum,native,old_vouchers_only,1934,1934,,2004
Leionema diosmeum,native,old_vouchers_only,1888,1934,,2023
Trachymene incisa,native,old_vouchers_only,1934,1934,,
Clematis aristata,native,old_vouchers_only,1935,1935,,2020
Indigofera australis,native,old_vouchers_only,1924,1936,,2004
Hovea longifolia,native,old_vouchers_only,1891,1936,,
Pomaderris andromedifolia,native,old_vouchers_only,1888,1936,,
Cenchrus clandestinus,introduced,old_vouchers_only,1937,1937,,
Phyllota grandiflora,native,old_vouchers_only,1938,1938,,2022
Acacia falcata,native,old_vouchers_only,1939,1939,,2020
Psoralea pinnata,introduced,old_vouchers_only,1913,1940,,2010
Microsorum pustulatum,native,old_vouchers_only,1942,1942,,
Pomaderris ferruginea,native,old_vouchers_only,1942,1942,,
Aegiceras corniculatum,native,old_vouchers_only,1933,1946,,2020
Dipodium punctatum,native,old_vouchers_only,1946,1946,,2021
Hovea linearis,native,old_vouchers_only,1888,1946,,2019
Stellaria flaccida,native,old_vouchers_only,1946,1946,,2020
Tristaniopsis laurina,native,old_vouchers_only,1891,1946,,2020
Crassula sieberiana,native,old_vouchers_only,1924,1946,,
Dennstaedtia davallioides,native,old_vouchers_only,1942,1946,,
Geranium potentilloides,native,old_vouchers_only,1946,1946,,
Caladenia fuscata,native,old_vouchers_only,1947,1947,,2020
Diploglottis australis,native,old_vouchers_only,1947,1947,,2022
Solanum vescum,native,old_vouchers_only,1888,1947,,2023
Thelymitra peniculata,native,old_vouchers_only,1947,1947,,2022
Thysanotus tuberosus,native,old_vouchers_only,1947,1947,,2008
Apium prostratum,native,old_vouchers_only,1936,1947,,
Acacia fimbriata,native,old_vouchers_only,1948,1948,,2019
Dianella revoluta,native,old_vouchers_only,1902,1948,,2021
Corybas hispidus,native,old_vouchers_only,1948,1948,,
Prostanthera violacea,native,old_vouchers_only,1948,1948,,
Genoplesium nudiscapum,native,old_vouchers_only,1927,1949,,
Lyperanthus suaveolens,native,old_vouchers_only,1950,1950,,2020
Astrotricha crassifolia,native,old_vouchers_only,1950,1950,,
Thelymitra venosa,native,old_vouchers_only,1950,1950,,
Wahlenbergia stricta,native,old_vouchers_only,1950,1950,,
Acacia melanoxylon,native,old_vouchers_only,1951,1951,,2020
Hakea salicifolia,native,old_vouchers_only,1888,1951,,2020
Cheilanthes distans,native,old_vouchers_only,1929,1951,,
Lepidosperma longitudinale,native,old_vouchers_only,1951,1951,,
Calystegia soldanella,native,old_vouchers_only,1952,1952,,2018
Doodia aspera,native,old_vouchers_only,1905,1952,,2020
Ipomoea pes-caprae,native,old_vouchers_only,1947,1952,,2022
Pyrrosia rupestris,native,old_vouchers_only,1905,1952,,2020
Ranunculus inundatus,native,old_vouchers_only,1952,1952,,2023
Samolus repens,native,old_vouchers_only,1947,1952,,2018
Acacia elata,native,old_vouchers_only,1952,1952,,
Darwinia grandiflora,native,old_vouchers_only,1934,1953,,2021
Dendrobium linguiforme,native,old_vouchers_only,1894,1953,,2020
Dendrobium tetragonum,native,old_vouchers_only,1947,1953,,2023
Histiopteris incisa,native,old_vouchers_only,1927,1953,,2020
Petrophile sessilis,native,old_vouchers_only,1953,1953,,2020
Pterostylis oblonga,native,old_vouchers_only,1953,1953,,2021
Todea barbara,native,old_vouchers_only,1897,1953,,2008
Notogrammitis billardierei,native,old_vouchers_only,1933,1953,,
Palhinhaea cernua,native,old_vouchers_only,1953,1953,,
Pterostylis obtusa,native,old_vouchers_only,1953,1953,,
Chiloglottis seminuda,native,old_vouchers_only,1954,1954,,2022
Xanthorrhoea macronema,native,old_vouchers_only,1954,1954,,2018
Styphelia humifusa,native,old_vouchers_only,1921,1954,,
Corybas barbarae,native,old_vouchers_only,1955,1955,,2023
Gleichenia rupestris,native,old_vouchers_only,1933,1955,,2021
Lindsaea linearis,native,old_vouchers_only,1948,1955,,2020
Pterostylis parviflora,native,old_vouchers_only,1947,1955,,2023
Zieria smithii,native,old_vouchers_only,1932,1955,,2020
Caladenia tessellata,native,old_vouchers_only,1945,1955,,
Hibbertia bracteata,native,old_vouchers_only,1955,1955,,
Genoplesium densum,native,old_vouchers_only,1946,1956,,2022
Leionema dentatum,native,old_vouchers_only,1924,1956,,2020
Pterostylis pedoglossa,native,old_vouchers_only,1946,1956,,2020
Stylidium laricifolium,native,old_vouchers_only,1939,1956,,2020
Styphelia viridis,native,old_vouchers_only,1933,1956,,2019
Acacia pycnantha,introduced,old_vouchers_only,1907,1956,,
Alectryon subcinereus,native,old_vouchers_only,1956,1956,,
Genoplesium woollsii,native,old_vouchers_only,1948,1956,,
Poa affinis,native,old_vouchers_only,1929,1956,,
Polyscias murrayi,native,old_vouchers_only,1899,1956,,
Panicum simile,native,old_vouchers_only,1931,1957,,
Styphelia laeta,native,old_vouchers_only,1957,1957,,
Coleus australis,native,old_vouchers_only,1958,1958,,2019
Polyosma cunninghamii,native,old_vouchers_only,1893,1958,,2023
Axonopus fissifolius,introduced,old_vouchers_only,1958,1958,,
Myriophyllum variifolium,native,old_vouchers_only,1929,1958,,
Persicaria decipiens,native,old_vouchers_only,1894,1958,,
Sloanea australis,native,old_vouchers_only,1906,1958,,
Acacia parramattensis,native,old_vouchers_only,1920,1960,,2021
Blechnum ambiguum,native,old_vouchers_only,1897,1960,,2021
Comesperma volubile,native,old_vouchers_only,1960,1960,,2020
Hydrocotyle bonariensis,introduced,old_vouchers_only,1960,1960,,2018
Lindsaea microphylla,native,old_vouchers_only,1933,1960,,2020
Passiflora herbertiana,native,old_vouchers_only,1888,1960,,2020
Acacia obtusifolia,native,old_vouchers_only,1960,1960,,
Backhousia leptopetala,native,old_vouchers_only,1960,1960,,
Leichhardtia flavescens,native,old_vouchers_only,1899,1960,,
Luzula flaccida,native,old_vouchers_only,1960,1960,,
Notothixos subaureus,native,old_vouchers_only,1921,1960,,
Tetratheca ericifolia,native,old_vouchers_only,1960,1960,,
Hydrocotyle tripartita,native,old_vouchers_only,1961,1961,,2024
Leptospermum grandifolium,native,old_vouchers_only,1899,1961,,2020
Melaleuca squarrosa,native,old_vouchers_only,1888,1961,,
Veronica plebeia,native,old_vouchers_only,1961,1961,,
Zieria compacta,native,old_vouchers_only,1961,1961,,
Banksia robur,native,old_vouchers_only,1900,1962,,2020
Acacia elongata,native,old_vouchers_only,1888,1963,,2020
Bossiaea scolopendria,native,old_vouchers_only,1960,1963,,2021
Sphaerolobium minus,native,old_vouchers_only,1892,1963,,2020
Stylidium graminifolium,native,old_vouchers_only,1896,1963,,2021
Boronia pinnata,native,old_vouchers_only,1946,1964,,2021
Hymenophyllum cupressiforme,native,old_vouchers_only,1888,1964,,2021
Polystichum proliferum,native,old_vouchers_only,1927,1964,,2021
Sphaerolobium vimineum,native,old_vouchers_only,1964,1964,,2022
Arthropteris tenella,native,old_vouchers_only,1933,1964,,
Bossiaea obcordata,native,old_vouchers_only,1840,1964,,
Davallia solida,native,old_vouchers_only,1933,1964,,
Dillwynia trichopoda,native,old_vouchers_only,1964,1964,,
Grevillea linearifolia,native,old_vouchers_only,1964,1964,,
Platylobium parviflorum,native,old_vouchers_only,1964,1964,,
Drosera pygmaea,native,old_vouchers_only,1947,1965,,2020
Gonocarpus micranthus,native,old_vouchers_only,1947,1965,,2022
Mirbelia speciosa,native,old_vouchers_only,1898,1965,,2020
Pandorea pandorana,native,old_vouchers_only,1958,1965,,2020
Trema tomentosa,native,old_vouchers_only,1965,1965,,2020
Cassinia longifolia,native,old_vouchers_only,1965,1965,,
Gratiola pubescens,native,old_vouchers_only,1965,1965,,
Ranunculus muricatus,introduced,old_vouchers_only,1965,1965,,
Schoenus maschalinus,native,old_vouchers_only,1965,1965,,
Triglochin striata,native,old_vouchers_only,1947,1965,,
Dichondra repens,native,old_vouchers_only,1966,1966,,2021
Passiflora subpeltata,introduced,old_vouchers_only,1899,1966,,2024
Rumex sagittatus,introduced,old_vouchers_only,1966,1966,,2023
Bertya pomaderroides,native,old_vouchers_only,1942,1966,,
Dodonaea camfieldii,native,old_vouchers_only,1908,1966,,
Hypolepis glandulifera,native,old_vouchers_only,1952,1966,,
Lastreopsis decomposita,native,old_vouchers_only,1897,1966,,
Parapolystichum acuminatum,native,old_vouchers_only,1951,1966,,
Pomaderris discolor,native,old_vouchers_only,1888,1966,,
Pomaderris ligustrina,native,old_vouchers_only,1895,1966,,
Poranthera microphylla,native,old_vouchers_only,1966,1966,,
Senecio minimus,native,old_vouchers_only,1966,1966,,
Senecio prenanthoides,native,old_vouchers_only,1966,1966,,
Tanacetum vulgare,introduced,old_vouchers_only,1966,1966,,
Vicia tetrasperma,introduced,old_vouchers_only,1966,1966,,
Acacia binervata,native,old_vouchers_only,1890,1967,,2020
Acacia echinula,native,old_vouchers_only,1914,1967,,2021
Eucalyptus multicaulis,native,old_vouchers_only,1962,1967,,2023
Suaeda australis,native,old_vouchers_only,1967,1967,,2023
Gonocarpus tetragynus,native,old_vouchers_only,1967,1967,,
Senecio diaschides,native,old_vouchers_only,1966,1967,,
Hydrocotyle geraniifolia,native,old_vouchers_only,1899,1968,,2023
Hydrocotyle acutiloba,native,old_vouchers_only,1949,1968,,
Melodinus australis,native,old_vouchers_only,1958,1968,,
Apocissus antarctica,native,old_vouchers_only,1924,1969,,2021
Gastrodia sesamoides,native,old_vouchers_only,1929,1969,,2021
Glossodia major,native,old_vouchers_only,1888,1969,,2021
Liparis reflexa,native,old_vouchers_only,1893,1969,,2021
Plectorrhiza beckleri,native,old_vouchers_only,1924,1969,,2022
Thelymitra carnea,native,old_vouchers_only,1969,1969,,2021
Toona ciliata,native,old_vouchers_only,1915,1969,,2017
Chiloglottis reflexa,native,old_vouchers_only,1949,1969,,
Epilobium hirtigerum,native,old_vouchers_only,1969,1969,,
Goodenia caroliniana,native,old_vouchers_only,1914,1969,,
Homalanthus stillingiifolius,native,old_vouchers_only,1969,1969,,
Lomandra micrantha,native,old_vouchers_only,1969,1969,,
Nymphaea nouchali,introduced,old_vouchers_only,1969,1969,,
Prasophyllum striatum,native,old_vouchers_only,1969,1969,,
Sporobolus africanus,introduced,old_vouchers_only,1969,1969,,
Adiantum hispidulum,native,old_vouchers_only,1905,1970,,2020
Caesia parviflora,native,old_vouchers_only,1896,1970,,2014
Hibbertia aspera,native,old_vouchers_only,1970,1970,,2021
Clematis glycinoides,native,old_vouchers_only,1888,1970,,
Amperea xiphoclada,native,old_vouchers_only,1890,1971,,2020
Platylobium formosum,native,old_vouchers_only,1971,1971,,2018
Poranthera ericifolia,native,old_vouchers_only,1933,1971,,2020
Utricularia lateriflora,native,old_vouchers_only,1950,1971,,2011
Acianthus exsertus,native,old_vouchers_only,1933,1971,,
Arctotheca populifolia,introduced,old_vouchers_only,1971,1971,,
Centrolepis fascicularis,native,old_vouchers_only,1971,1971,,
Opercularia aspera,native,old_vouchers_only,1971,1971,,
Plantago hispida,native,old_vouchers_only,1916,1971,,
Plantago varia,native,old_vouchers_only,1970,1971,,
Wahlenbergia gracilis,native,old_vouchers_only,1898,1971,,
Acacia baueri,native,old_vouchers_only,1972,1972,,
Solanum chenopodioides,introduced,old_vouchers_only,1972,1972,,
Mitrasacme paludosa,native,old_vouchers_only,1971,1973,,
Backhousia myrtifolia,native,old_vouchers_only,1946,1973,,2020
Persicaria capitata,introduced,old_vouchers_only,1973,1973,,2024
Sporobolus virginicus,native,old_vouchers_only,1973,1973,,2020
Stylidium productum,native,old_vouchers_only,1969,1973,,2021
Vallisneria australis,native,old_vouchers_only,1973,1973,,2024
Calamagrostis quadriseta,native,old_vouchers_only,1973,1973,,
Cenchrus caliculatus,native,old_vouchers_only,1973,1973,,
Choretrum candollei,native,old_vouchers_only,1888,1973,,
Digitaria didactyla,introduced,old_vouchers_only,1973,1973,,
Digitaria ischaemum,introduced,old_vouchers_only,1973,1973,,
Egeria densa,introduced,old_vouchers_only,1973,1973,,
Entolasia whiteana,native,old_vouchers_only,1973,1973,,
Fimbristylis dichotoma,native,old_vouchers_only,1973,1973,,
Juncus microcephalus,introduced,old_vouchers_only,1973,1973,,
Lepidosperma flexuosum,native,old_vouchers_only,1973,1973,,
Melianthus major,introduced,old_vouchers_only,1973,1973,,
Opercularia hispida,native,old_vouchers_only,1973,1973,,
Opercularia varia,native,old_vouchers_only,1966,1973,,
Potamogeton ochreatus,native,old_vouchers_only,1973,1973,,
Schizaea dichotoma,native,old_vouchers_only,1973,1973,,
Schoenus villosus,native,old_vouchers_only,1927,1973,,
Senecio vagus,native,old_vouchers_only,1884,1973,,
Vallisneria nana,native,old_vouchers_only,1973,1973,,
Dicranopteris linearis,native,old_vouchers_only,1973,1973,,
Eriocaulon scariosum,native,old_vouchers_only,1973,1973,,
Lepidosperma quadrangulatum,native,old_vouchers_only,1973,1973,,
Cassytha pubescens,native,old_vouchers_only,1895,1974,,2019
Hibbertia obtusifolia,native,old_vouchers_only,1974,1974,,2021
Solanum stelligerum,native,old_vouchers_only,1889,1974,,2023
Tricoryne elatior,native,old_vouchers_only,1974,1974,,2020
Cassytha paniculata,native,old_vouchers_only,1974,1974,,
Halophila decipiens,native,old_vouchers_only,1974,1974,,
Halophila ovalis,native,old_vouchers_only,1973,1974,,
Lomandra cylindrica,native,old_vouchers_only,1966,1975,,2020
Baeckea linifolia,native,old_vouchers_only,1896,1975,,2020
Blechnum wattsii,native,old_vouchers_only,1960,1975,,2021
Cyperus sesquiflorus,introduced,old_vouchers_only,1975,1975,,2022
Duboisia myoporoides,native,old_vouchers_only,1899,1975,,2019
Gladiolus undulatus,introduced,old_vouchers_only,1975,1975,,2021
Grevillea longifolia,native,old_vouchers_only,1898,1975,,2020
Livistona australis,native,old_vouchers_only,1949,1975,,2004
Melaleuca hypericifolia,native,old_vouchers_only,1936,1975,,2019
Thunbergia alata,introduced,old_vouchers_only,1975,1975,,2023
Acacia schinoides,native,old_vouchers_only,1975,1975,,
Alternanthera denticulata,native,old_vouchers_only,1975,1975,,
Anredera cordifolia,introduced,old_vouchers_only,1975,1975,,
Bacopa monnieri,native,old_vouchers_only,1916,1975,,
Callitriche stagnalis,introduced,old_vouchers_only,1975,1975,,
Cladium procerum,native,old_vouchers_only,1961,1975,,
Commersonia dasyphylla,native,old_vouchers_only,1893,1975,,
Cyperus laevis,native,old_vouchers_only,1899,1975,,
Cyperus mirus,native,old_vouchers_only,1932,1975,,
Cyperus polystachyos,native,old_vouchers_only,1975,1975,,
Cyperus sanguinolentus,native,old_vouchers_only,1899,1975,,
Cyperus sphaeroideus,native,old_vouchers_only,1975,1975,,
Dillwynia glaberrima,native,old_vouchers_only,1938,1975,,
Eclipta platyglossa,native,old_vouchers_only,1975,1975,,
Eleocharis gracilis,native,old_vouchers_only,1975,1975,,
Eurychorda complanata,native,old_vouchers_only,1975,1975,,
Fimbristylis ferruginea,native,old_vouchers_only,1975,1975,,
Gahnia microstachya,native,old_vouchers_only,1975,1975,,
Grevillea banksii,introduced,old_vouchers_only,1975,1975,,
Grevillea capitellata,native,old_vouchers_only,1947,1975,,
Gymnoschoenus sphaerocephalus,native,old_vouchers_only,1975,1975,,
Isolepis prolifera,introduced,old_vouchers_only,1975,1975,,
Juncus bulbosus,introduced,old_vouchers_only,1975,1975,,
Juncus continuus,native,old_vouchers_only,1896,1975,,
Juncus effusus,introduced,old_vouchers_only,1975,1975,,
Juncus homalocaulis,native,old_vouchers_only,1975,1975,,
Juncus pallidus,native,old_vouchers_only,1975,1975,,
Juncus prismatocarpus,native,old_vouchers_only,1894,1975,,
Juncus remotiflorus,native,old_vouchers_only,1975,1975,,
Juncus subsecundus,native,old_vouchers_only,1953,1975,,
Juncus tenuis,introduced,old_vouchers_only,1975,1975,,
Juncus usitatus,native,old_vouchers_only,1952,1975,,
Leptinella longipes,native,old_vouchers_only,1975,1975,,
Lepyrodia anarthria,native,old_vouchers_only,1975,1975,,
Lophostemon confertus,introduced,old_vouchers_only,1975,1975,,
Machaerina gunnii,native,old_vouchers_only,1975,1975,,
Machaerina nuda ,native,old_vouchers_only,1973,1975,,
Machaerina rubiginosa,native,old_vouchers_only,1897,1975,,
Oxalis purpurea,introduced,old_vouchers_only,1975,1975,,
Ozothamnus adnatus,native,old_vouchers_only,1906,1975,,
Persicaria hydropiper,native,old_vouchers_only,1975,1975,,
Persicaria strigosa,native,old_vouchers_only,1897,1975,,
Physalis peruviana,introduced,old_vouchers_only,1975,1975,,
Plinthanthesis paradoxa,native,old_vouchers_only,1933,1975,,
Schoenoplectiella mucronata,native,old_vouchers_only,1958,1975,,
Sticherus lobatus,native,old_vouchers_only,1975,1975,,
Stolonochloa pygmaea,native,old_vouchers_only,1975,1975,,
Tropaeolum majus,introduced,old_vouchers_only,1975,1975,,
Vicia sativa,introduced,old_vouchers_only,1966,1975,,
Xanthium strumarium,introduced,old_vouchers_only,1975,1975,,
Rhynchospora brownii,native,old_vouchers_only,1975,1975,,
Angophora costata,native,old_vouchers_only,1885,1976,,2010
Corybas undulatus,native,old_vouchers_only,1976,1976,,2022
Cyathea australis,native,old_vouchers_only,1895,1976,,2020
Polygala virgata,introduced,old_vouchers_only,1976,1976,,2021
Cyrtostylis reniformis,native,old_vouchers_only,1971,1976,,
Eleocharis minuta,introduced,old_vouchers_only,1965,1976,,
Machaerina arthrophylla ,native,old_vouchers_only,1975,1976,,
Ophioglossum lusitanicum,native,old_vouchers_only,1976,1976,,
Pultenaea dentata,native,old_vouchers_only,1976,1976,,
Sacciolepis indica,native,old_vouchers_only,1976,1976,,
Sagina maritima,introduced,old_vouchers_only,1976,1976,,
Sphaeropteris australis,native,old_vouchers_only,1966,1976,,
Zostera capricorni,native,old_vouchers_only,1973,1976,,
Acrotriche divaricata,native,old_vouchers_only,1961,1977,,2020
Rhodamnia rubescens,native,old_vouchers_only,1888,1977,,2022
Aneilema biflorum,native,old_vouchers_only,1977,1977,,
Banksia paludosa,native,old_vouchers_only,1977,1977,,
Carex brunnea,native,old_vouchers_only,1896,1977,,
Crassocephalum crepidioides,introduced,old_vouchers_only,1977,1977,,
Cyperus imbecillis,native,old_vouchers_only,1975,1977,,
Cyperus trinervis,native,old_vouchers_only,1894,1977,,
Grevillea parviflora,native,old_vouchers_only,1888,1977,,
Lepidosperma urophorum,native,old_vouchers_only,1977,1977,,
Parapolystichum microsorum,native,old_vouchers_only,1897,1977,,
Pollia crispata,native,old_vouchers_only,1975,1977,,
Posidonia australis,native,old_vouchers_only,1973,1977,,
Symplocos thwaitesii,native,old_vouchers_only,1957,1977,,
Notelaea venosa,native,old_vouchers_only,1958,1978,,2021
Oplismenus hirtellus,native,old_vouchers_only,1893,1978,,2020
Abrophyllum ornans,native,old_vouchers_only,1924,1978,,
Amylotheca dictyophleba,native,old_vouchers_only,1978,1978,,
Carex declinata,native,old_vouchers_only,1978,1978,,
Ceodes umbellifera,native,old_vouchers_only,1978,1978,,
Chenopodium trigonon,native,old_vouchers_only,1978,1978,,
Cyperus cyperoides,native,old_vouchers_only,1978,1978,,
Cyperus gracilis,native,old_vouchers_only,1978,1978,,
Dendrocnide excelsa,native,old_vouchers_only,1978,1978,,
Digitaria ciliaris,introduced,old_vouchers_only,1978,1978,,
Eriachne glabrata,native,old_vouchers_only,1978,1978,,
Gamochaeta americana,introduced,old_vouchers_only,1975,1978,,
Legnephora moorei,native,old_vouchers_only,1978,1978,,
Lomandra fluviatilis,native,old_vouchers_only,1895,1978,,
Lomandra gracilis,native,old_vouchers_only,1896,1978,,
Netrostylis capillaris,native,old_vouchers_only,1900,1978,,
Nicotiana forsteri,native,old_vouchers_only,1978,1978,,
Piper hederaceum,native,old_vouchers_only,1958,1978,,
Rytidosperma racemosum,native,old_vouchers_only,1978,1978,,
Sambucus australasica,native,old_vouchers_only,1899,1978,,
Typhonium eliosurum,native,old_vouchers_only,1978,1978,,
Lobelia purpurascens,native,old_vouchers_only,1899,1979,,2020
Gahnia radula,native,old_vouchers_only,1951,1979,,
Goodenia bellidifolia,native,old_vouchers_only,1892,1980,,
Eragrostis tenuifolia,introduced,old_vouchers_only,1981,1981,,
Allocasuarina torulosa,native,old_vouchers_only,1978,1981,,2022
Aphanopetalum resinosum,native,old_vouchers_only,1888,1981,,2021
Caladenia carnea,native,old_vouchers_only,1936,1981,,2021
Conospermum tenuifolium,native,old_vouchers_only,1894,1981,,2021
Drosera binata,native,old_vouchers_only,1957,1981,,2011
Drosera peltata,native,old_vouchers_only,1981,1981,,2019
Parsonsia straminea,native,old_vouchers_only,1888,1981,,2020
Philotheca salsolifolia,native,old_vouchers_only,1892,1981,,2011
Psilotum nudum,native,old_vouchers_only,1946,1981,,2024
Stephania japonica,native,old_vouchers_only,1897,1981,,2014
Almaleea paludosa,native,old_vouchers_only,1981,1981,,
Drosera hookeri,native,old_vouchers_only,1981,1981,,
Gonocarpus salsoloides,native,old_vouchers_only,1975,1981,,
Patersonia fragilis,native,old_vouchers_only,1981,1981,,
Causonis clematidea,native,old_vouchers_only,1957,1982,,2023
Gleichenia dicarpa,native,old_vouchers_only,1896,1982,,2016
Glochidion ferdinandi,native,old_vouchers_only,1949,1982,,2020
Sphaeropteris cooperi,native,old_vouchers_only,1982,1982,,2023
Sticherus flabellatus,native,old_vouchers_only,1893,1982,,2019
Thelionema umbellatum,native,old_vouchers_only,1888,1982,,2022
Acronychia oblongifolia,native,old_vouchers_only,1930,1982,,
Celastrus subspicatus,native,old_vouchers_only,1982,1982,,
Citronella moorei,native,old_vouchers_only,1956,1982,,
Cryptocarya microneura,native,old_vouchers_only,1956,1982,,
Plantago coronopus,introduced,old_vouchers_only,1982,1982,,
Poa poiformis,native,old_vouchers_only,1936,1982,,
Syzygium australe,native,old_vouchers_only,1982,1982,,
Asparagus aethiopicus,introduced,old_vouchers_only,1983,1983,,2023
Calochlaena dubia,native,old_vouchers_only,1941,1983,,2021
Cestrum parqui,introduced,old_vouchers_only,1983,1983,,2020
Coronidium elatum,native,old_vouchers_only,1898,1983,,2004
Cycnogeton procerum,native,old_vouchers_only,1983,1983,,2021
Geitonoplesium cymosum,native,old_vouchers_only,1958,1983,,2019
Gleichenia microphylla,native,old_vouchers_only,1950,1983,,2020
Myrsine variabilis,native,old_vouchers_only,1922,1983,,2023
Notelaea longifolia,native,old_vouchers_only,1983,1983,,2020
Platysace lanceolata,native,old_vouchers_only,1929,1983,,2019
Polystichum australiense,native,old_vouchers_only,1899,1983,,2020
Zantedeschia aethiopica,introduced,old_vouchers_only,1983,1983,,2014
Arrhenechthites mixtus,native,old_vouchers_only,1983,1983,,
Asparagus setaceus,introduced,old_vouchers_only,1976,1983,,
Chorizandra cymbaria,native,old_vouchers_only,1975,1983,,
Chorizandra sphaerocephala,native,old_vouchers_only,1975,1983,,
Cynodon dactylon,introduced,old_vouchers_only,1983,1983,,
Deeringia amaranthoides,native,old_vouchers_only,1928,1983,,
Eleocharis sphacelata,native,old_vouchers_only,1983,1983,,
Erigeron sumatrensis,introduced,old_vouchers_only,1983,1983,,
Leucopogon virgatus,native,old_vouchers_only,1983,1983,,
Machaerina articulata,native,old_vouchers_only,1965,1983,,
Polypogon monspeliensis,introduced,old_vouchers_only,1983,1983,,
Pseudognaphalium luteoalbum,native,old_vouchers_only,1895,1983,,
Pultenaea hispidula,native,old_vouchers_only,1921,1983,,
Schoenus nitens,native,old_vouchers_only,1983,1983,,
Tasmannia insipida,native,old_vouchers_only,1891,1983,,
Acacia floribunda,native,old_vouchers_only,1890,1984,,2020
Aotus ericoides,native,old_vouchers_only,1887,1984,,2016
Doodia caudata,native,old_vouchers_only,1943,1984,,2021
Haemodorum corymbosum,native,old_vouchers_only,1888,1984,,2022
Haemodorum planifolium,native,old_vouchers_only,1895,1984,,2021
Myrsine howittiana,native,old_vouchers_only,1958,1984,,2024
Cassinia trinerva,native,old_vouchers_only,1960,1984,,
Diplazium australe,native,old_vouchers_only,1966,1984,,
Erechtites valerianifolius,introduced,old_vouchers_only,1984,1984,,
Eucalyptus apiculata,native,old_vouchers_only,1984,1984,,
Eucalyptus saligna,native,old_vouchers_only,1952,1984,,
Peperomia leptostachya ,native,old_vouchers_only,1984,1984,,
Pomaderris intermedia,native,old_vouchers_only,1896,1984,,
Populus alba,introduced,old_vouchers_only,1984,1984,,
Senecio bipinnatisectus,native,old_vouchers_only,1967,1984,,
Cassinia denticulata,native,old_vouchers_only,1985,1985,,2021
Clerodendrum tomentosum,native,old_vouchers_only,1891,1985,,2020
Epacris coriacea,native,old_vouchers_only,1951,1985,,2020
Melaleuca squamea,native,old_vouchers_only,1981,1985,,2021
Pultenaea villosa,native,old_vouchers_only,1985,1985,,2020
Endiandra sieberi,native,old_vouchers_only,1960,1985,,
Eucalyptus scias,native,old_vouchers_only,1985,1985,,
Ficus henneana,native,old_vouchers_only,1902,1985,,
Leptospermum juniperinum,native,old_vouchers_only,1914,1985,,
Litsea reticulata,native,old_vouchers_only,1959,1985,,
Pararchidendron pruinosum,native,old_vouchers_only,1977,1985,,
Prostanthera lasianthos,native,old_vouchers_only,1985,1985,,
Austromyrtus tenuifolia,native,old_vouchers_only,1940,1986,,2021
Boronia floribunda,native,old_vouchers_only,1889,1986,,2020
Genoplesium pumilum,native,old_vouchers_only,1927,1986,,2022
Leptocarpus tenax,native,old_vouchers_only,1951,1986,,2020
Prostanthera linearis,native,old_vouchers_only,1896,1986,,2022
Pterostylis acuminata,native,old_vouchers_only,1927,1986,,2020
Pterostylis daintreana,native,old_vouchers_only,1929,1986,,2021
Schelhammera undulata,native,old_vouchers_only,1893,1986,,2016
Schizaea bifida,native,old_vouchers_only,1887,1986,,2021
Stenocarpus salignus,native,old_vouchers_only,1904,1986,,2019
Styphelia setigera,native,old_vouchers_only,1889,1986,,2018
Callitris muelleri,native,old_vouchers_only,1905,1986,,
Centella asiatica,native,old_vouchers_only,1960,1986,,
Cyclophyllum longipetalum,native,old_vouchers_only,1986,1986,,
Eucalyptus eugenioides,native,old_vouchers_only,1986,1986,,
Flagellaria indica,native,old_vouchers_only,1962,1986,,
Isolepis levynsiana,introduced,old_vouchers_only,1986,1986,,
Leptospermum continentale,native,old_vouchers_only,1961,1986,,
Lepyrodia verruculosa,native,old_vouchers_only,1967,1986,,
Lomandra brevis,native,old_vouchers_only,1899,1986,,
Monotaxis linifolia,native,old_vouchers_only,1971,1986,,
Pelargonium inodorum,native,old_vouchers_only,1888,1986,,
Polyscias elegans,native,old_vouchers_only,1978,1986,,
Pterostylis alveata,native,old_vouchers_only,1986,1986,,
Rytidosperma pallidum,native,old_vouchers_only,1986,1986,,
Schizaea rupestris,native,old_vouchers_only,1895,1986,,
Senecio pinnatifolius,native,old_vouchers_only,1986,1986,,
Sphaeromorphaea australis,native,old_vouchers_only,1986,1986,,
Sporadanthus gracilis,native,old_vouchers_only,1888,1986,,
Wilkiea hugeliana,native,old_vouchers_only,1889,1986,,
Acanthospermum australe,introduced,old_vouchers_only,1971,1987,,2023
Brachyloma daphnoides,native,old_vouchers_only,1905,1987,,2020
Cymbidium suave,native,old_vouchers_only,1987,1987,,2020
Gompholobium grandiflorum,native,old_vouchers_only,1970,1987,,2016
Gompholobium latifolium,native,old_vouchers_only,1961,1987,,2020
Grevillea speciosa,native,old_vouchers_only,1896,1987,,2018
Harmogia densifolia,native,old_vouchers_only,1930,1987,,2019
Olax stricta,native,old_vouchers_only,1888,1987,,2020
Plectorrhiza tridentata,native,old_vouchers_only,1987,1987,,2022
Prasophyllum flavum,native,old_vouchers_only,1987,1987,,2021
Baeckea diosmifolia,native,old_vouchers_only,1921,1987,,
Bothriochloa decipiens,native,old_vouchers_only,1987,1987,,
Eucalyptus squamosa,native,old_vouchers_only,1891,1987,,
Gaudium parvifolium,native,old_vouchers_only,1895,1987,,
Gmelina leichhardtii,native,old_vouchers_only,1958,1987,,
Lolium arundinaceum,introduced,old_vouchers_only,1987,1987,,
Sporobolus creber,native,old_vouchers_only,1987,1987,,
Utricularia biloba,native,old_vouchers_only,1988,1988,,
Bulbophyllum exiguum,native,old_vouchers_only,1927,1988,,2011
Platysace linearifolia,native,old_vouchers_only,1896,1988,,2020
Eucalyptus capitellata,native,old_vouchers_only,1928,1988,,
Eucalyptus consideniana,native,old_vouchers_only,1946,1988,,
Syzygium oleosum,native,old_vouchers_only,1898,1988,,
Monotoca scoparia,native,old_vouchers_only,1921,1989,,2020
Dendrobium teretifolium,native,old_vouchers_only,1902,1989,,2022
Blechnum patersonii,native,old_vouchers_only,1905,1989,,2023
Cassinia aureonitens,native,old_vouchers_only,1964,1989,,2021
Pterostylis erecta,native,old_vouchers_only,1953,1989,,2020
Baloskion tetraphyllum,native,old_vouchers_only,1975,1989,,
Juncus acuminatus,introduced,old_vouchers_only,1973,1989,,
Pseudoraphis paradoxa,native,old_vouchers_only,1976,1989,,
Bauera microphylla,native,old&recent_vouchers,1888,1990,1990,2020
Logania albiflora,native,old&recent_vouchers,1888,1990,1990,2020
Pseudanthus pimeleoides,native,old&recent_vouchers,1887,1990,1990,2008
Spiranthes australis,native,old&recent_vouchers,1955,1990,1990,2020
Stenanthera pinifolia,native,old&recent_vouchers,1933,1990,1990,2020
Gahnia clarkei,native,old&recent_vouchers,1895,1990,1990,
Gahnia sieberiana,native,old&recent_vouchers,1973,1990,1990,
Eucalyptus stricta,native,old&recent_vouchers,1914,1991,1991,
Chiloglottis formicifera,native,old&recent_vouchers,1890,1991,1991,2022
Lasiopetalum rufum,native,old&recent_vouchers,1890,1991,1991,2020
Pterostylis curta,native,old&recent_vouchers,1945,1991,1991,2020
Pterostylis pedunculata,native,old&recent_vouchers,1946,1991,1991,2020
Utricularia australis,native,old&recent_vouchers,1958,1991,1991,2024
Utricularia uliginosa,native,old&recent_vouchers,1979,1991,1999,2024
Bossiaea stephensonii,native,old&recent_vouchers,1888,1992,1990,2019
Diuris maculata,native,old&recent_vouchers,1960,1992,1992,2021
Empodisma minus,native,old&recent_vouchers,1888,1992,1992,2021
Genoplesium filiforme,native,old&recent_vouchers,1921,1992,1992,2021
Genoplesium fimbriatum,native,old&recent_vouchers,1921,1992,1992,2022
Lepyrodia scariosa,native,old&recent_vouchers,1897,1992,1992,2023
Lomandra multiflora,native,old&recent_vouchers,1896,1992,1992,2019
Melaleuca armillaris,native,old&recent_vouchers,1986,1992,1992,2019
Philotheca scabra,native,old&recent_vouchers,1893,1992,1992,2020
Viminaria juncea,native,old&recent_vouchers,1892,1992,1992,2004
Baloskion gracile,native,old&recent_vouchers,1950,1992,1992,
Conospermum taxifolium,native,old&recent_vouchers,1896,1992,1992,
Hypolaena fastigiata,native,old&recent_vouchers,1961,1992,1992,
Lepidosperma forsythii,native,old&recent_vouchers,1973,1992,1992,
Lepidosperma viscidum,native,old&recent_vouchers,1972,1992,1992,
Lepyrodia muelleri,native,old&recent_vouchers,1975,1992,1992,
Symphionema paludosum,native,old&recent_vouchers,1886,1992,1992,
Xyris operculata,native,old&recent_vouchers,1963,1992,1992,
Caleana minor,native,old&recent_vouchers,1984,1993,1993,
Apocissus hypoglauca,native,old&recent_vouchers,1949,1993,1993,2020
Blechnum nudum,native,old&recent_vouchers,1905,1993,1993,2024
Bulbophyllum shepherdii,native,old&recent_vouchers,1888,1993,1993,2021
Correa reflexa,native,old&recent_vouchers,1932,1993,1993,2019
Eucalyptus camfieldii,native,old&recent_vouchers,1916,1993,1993,2022
Eucalyptus piperita,native,old&recent_vouchers,1897,1993,1993,2022
Eucalyptus punctata,native,old&recent_vouchers,1918,1993,1993,2022
Eucalyptus racemosa,native,old&recent_vouchers,1903,1993,1993,2015
Lycopodium deuterodensum,native,old&recent_vouchers,1893,1993,1993,2019
Sarcochilus parviflorus,native,old&recent_vouchers,1888,1993,1993,2022
Selaginella uliginosa,native,old&recent_vouchers,1921,1993,1993,2019
Synoum glandulosum,native,old&recent_vouchers,1893,1993,1993,2020
Xyris gracilis,native,old&recent_vouchers,1966,1993,1993,2023
Zieria pilosa,native,old&recent_vouchers,1915,1993,1993,2020
Gahnia subaequiglumis,native,old&recent_vouchers,1895,1993,1993,
Lepidosperma limicola,native,old&recent_vouchers,1975,1993,1993,
Melaleuca deanei,native,old&recent_vouchers,1952,1993,1993,
Anisopogon avenaceus,native,old&recent_vouchers,1973,1994,1994,2020
Blandfordia nobilis,native,old&recent_vouchers,1936,1994,1994,2016
Daviesia alata,native,old&recent_vouchers,1892,1994,1994,2011
Eucalyptus oblonga,native,old&recent_vouchers,1906,1994,1993,2018
Lobelia dentata,native,old&recent_vouchers,1958,1994,1994,2019
Sowerbaea juncea,native,old&recent_vouchers,1972,1994,1994,2014
Tricoryne simplex,native,old&recent_vouchers,1934,1994,1994,2020
Xanthorrhoea media,native,old&recent_vouchers,1962,1994,1994,2023
Xanthorrhoea resinosa,native,old&recent_vouchers,1963,1994,1992,2007
Aristida vagans,native,old&recent_vouchers,1974,1994,1994,
Cyathochaeta diandra,native,old&recent_vouchers,1915,1994,1994,
Dichelachne crinita,native,old&recent_vouchers,1965,1994,1994,
Echinopogon caespitosus,native,old&recent_vouchers,1982,1994,1994,
Lachnagrostis filiformis,native,old&recent_vouchers,1966,1994,1994,
Machaerina teretifolia,native,old&recent_vouchers,1975,1994,1994,
Prasophyllum brevilabre,native,old&recent_vouchers,1965,1994,1994,
Spinifex sericeus,native,old&recent_vouchers,1972,1994,1994,
Thysanotus juncifolius,native,old&recent_vouchers,1946,1994,1994,
Utricularia gibba,native,old&recent_vouchers,1975,1994,1994,
Xyris juncea,native,old&recent_vouchers,1963,1994,1992,
Pterostylis concinna,native,old&recent_vouchers,1946,1995,1991,2022
Juncus pauciflorus,native,old&recent_vouchers,1966,1995,1995,
Acianthus caudatus,native,old&recent_vouchers,1888,1995,1995,2020
Platysace stephensonii,native,old&recent_vouchers,1955,1995,1994,2019
Pteridium esculentum,native,old&recent_vouchers,1933,1995,1995,2016
Cyperus tetraphyllus,native,old&recent_vouchers,1975,1995,1995,
Hedycarya angustifolia,native,old&recent_vouchers,1891,1995,1995,
Lepidosperma laterale,native,old&recent_vouchers,1984,1995,1992,
Muellerina eucalyptoides,native,old&recent_vouchers,1928,1995,1995,
Oxalis chnoodes,native,old&recent_vouchers,1888,1995,1995,
Sarcochilus hillii,native,old&recent_vouchers,1976,1995,1995,
Amphipogon strictus,native,old&recent_vouchers,1973,1996,1994,
Ceratopetalum gummiferum,native,old&recent_vouchers,1955,1997,1997,2019
Lissanthe strigosa,native,old&recent_vouchers,1952,1997,1997,2019
Palmeria racemosa,native,old&recent_vouchers,1905,1997,1997,2020
Polyscias sambucifolia,native,old&recent_vouchers,1973,1997,1997,2020
Schizomeria ovata,native,old&recent_vouchers,1883,1997,1997,2022
Hibbertia dentata,native,old&recent_vouchers,1932,1998,1998,2016
Hibbertia fasciculata,native,old&recent_vouchers,1972,1998,1990,2020
Kennedia prostrata,native,old&recent_vouchers,1904,1998,1998,2004
Malaisia scandens,native,old&recent_vouchers,1947,1998,1998,2020
Pimelea ligustrina,native,old&recent_vouchers,1888,1998,1998,2018
Isolepis cernua,native,old&recent_vouchers,1909,1998,1998,
Juncus capillaceus,introduced,old&recent_vouchers,1965,1998,1998,
Machaerina juncea,native,old&recent_vouchers,1965,1998,1998,
Microtis unifolia,native,old&recent_vouchers,1965,1998,1998,
Olearia microphylla,native,old&recent_vouchers,1960,1999,1999,2020
Juncus flavidus,native,old&recent_vouchers,1953,1999,1999,
Banksia oblongifolia,native,old&recent_vouchers,1933,2000,1992,2008
Caustis flexuosa,native,old&recent_vouchers,1896,2000,2000,2011
Caustis recurvata,native,old&recent_vouchers,1892,2000,1992,2021
Ceratopetalum apetalum,native,old&recent_vouchers,1896,2000,2000,2020
Acacia irrorata,native,old&recent_vouchers,1897,2001,1990,2021
Hypolepis muelleri,native,old&recent_vouchers,1955,2001,1993,2021
Monotoca elliptica,native,old&recent_vouchers,1970,2001,2001,2021
Ozothamnus diosmifolius,native,old&recent_vouchers,1888,2001,2001,2017
Pellaea falcata,native,old&recent_vouchers,1905,2001,2001,2012
Pteris tremula,native,old&recent_vouchers,1943,2001,2001,2023
Syncarpia glomulifera,native,old&recent_vouchers,1921,2001,2001,2020
Casuarina glauca,native,old&recent_vouchers,1978,2001,2001,
Chordifex fastigiatus,native,old&recent_vouchers,1906,2001,1992,
Euroschinus falcatus,native,old&recent_vouchers,1958,2001,1990,
Hibbertia salicifolia,native,old&recent_vouchers,1975,2001,1990,
Poa labillardierei,native,old&recent_vouchers,1954,2001,1995,
Viola hederacea,native,old&recent_vouchers,1924,2002,2002,2020
Coronidium scorpioides,native,old&recent_vouchers,1896,2002,2002,2023
Oxalis corniculata,introduced,old&recent_vouchers,1947,2002,2002,
Pseuderanthemum variabile,native,old&recent_vouchers,1910,2002,2002,2004
Lilium formosanum,introduced,old&recent_vouchers,1975,2002,2002,2022
Sisyrinchium micranthum,introduced,old&recent_vouchers,1978,2002,2002,2021
Epilobium billardiereanum,native,old&recent_vouchers,1978,2002,2002,
Senecio hispidulus,native,old&recent_vouchers,1966,2002,2002,
Coronidium rutidolepis,native,old&recent_vouchers,1893,2002,2002,2020
Ranunculus lappaceus,native,old&recent_vouchers,1986,2002,2002,
Caladenia catenata,native,old&recent_vouchers,1921,2002,1992,2003
Caleana major,native,old&recent_vouchers,1924,2002,2002,2020
Callitris rhomboidea,native,old&recent_vouchers,1898,2002,2002,2023
Calochilus campestris,native,old&recent_vouchers,1969,2002,2002,2020
Calochilus paludosus,native,old&recent_vouchers,1897,2002,2002,2020
Diuris aurea,native,old&recent_vouchers,1955,2002,1994,2020
Glossodia minor,native,old&recent_vouchers,1898,2002,1994,2003
Microtis parviflora,native,old&recent_vouchers,1946,2002,2002,2021
Prasophyllum elatum,native,old&recent_vouchers,1892,2002,2002,2015
Burnettia cuneata,native,old&recent_vouchers,1887,2002,1994,
Entolasia marginata,native,old&recent_vouchers,1925,2002,2002,
Microtis rara,native,old&recent_vouchers,1946,2002,2002,
Prasophyllum patens,native,old&recent_vouchers,1894,2002,2002,
Styphelia angustifolia,native,old&recent_vouchers,1889,2002,2000,
Symplocos stawellii,native,old&recent_vouchers,1987,2003,2003,
Acacia myrtifolia,native,old&recent_vouchers,1914,2004,2004,2020
Daviesia corymbosa,native,old&recent_vouchers,1886,2004,2004,2016
Goodenia ovata,native,old&recent_vouchers,1897,2004,2001,2020
Hakea dactyloides,native,old&recent_vouchers,1896,2004,2004,2019
Kennedia rubicunda,native,old&recent_vouchers,1952,2004,2004,2019
Pigea vernonii,native,old&recent_vouchers,1888,2004,1998,2011
Podocarpus spinulosus,native,old&recent_vouchers,1897,2004,2004,2020
Styphelia esquamata,native,old&recent_vouchers,1888,2004,2004,2020
Tetratheca neglecta,native,old&recent_vouchers,1888,2004,2004,2014
Trochocarpa laurina,native,old&recent_vouchers,1933,2004,1993,2020
Goodenia stelligera,native,old&recent_vouchers,1950,2004,2004,
Allocasuarina verticillata,native,old&recent_vouchers,1905,2005,2005,2021
Commersonia hermanniifolia,native,old&recent_vouchers,1984,2005,1990,2020
Crowea saligna,native,old&recent_vouchers,1896,2005,1995,2004
Dillwynia floribunda,native,old&recent_vouchers,1888,2005,1990,2016
Lasiopetalum ferrugineum,native,old&recent_vouchers,1888,2005,2005,2019
Pultenaea linophylla,native,old&recent_vouchers,1888,2005,1998,2020
Xanthosia pilosa,native,old&recent_vouchers,1887,2005,1990,2018
Zieria laevigata,native,old&recent_vouchers,1970,2005,2005,2019
Celtis paniculata,native,old&recent_vouchers,1902,2005,2005,
Boronia ledifolia,native,old&recent_vouchers,1894,2006,1997,2014
Bossiaea heterophylla,native,old&recent_vouchers,1890,2006,2006,2018
Cryptandra amara,native,old&recent_vouchers,1931,2006,1997,2020
Epacris longiflora,native,old&recent_vouchers,1932,2006,1991,2004
Epacris pulchella,native,old&recent_vouchers,1887,2006,1992,2015
Hakea propinqua,native,old&recent_vouchers,1889,2006,2004,2019
Hibbertia nitida,native,old&recent_vouchers,1898,2006,1990,2020
Leptospermum arachnoides,native,old&recent_vouchers,1890,2006,1992,2019
Leucopogon amplexicaulis,native,old&recent_vouchers,1896,2006,1990,2019
Pultenaea stipularis,native,old&recent_vouchers,1888,2006,1992,2003
Styphelia tubiflora,native,old&recent_vouchers,1905,2006,1993,2018
Monotoca ledifolia,native,old&recent_vouchers,1959,2006,1990,
Scolopia braunii,native,old&recent_vouchers,1899,2006,2006,
Plantago debilis,native,old&recent_vouchers,1969,2007,2007,
Caustis pentandra,native,old&recent_vouchers,1906,2007,1992,2019
Chloanthes stoechadis,native,old&recent_vouchers,1905,2007,1992,2020
Melaleuca linearis,native,old&recent_vouchers,1921,2007,2007,2020
Acacia ulicifolia,native,old&recent_vouchers,1921,2008,2005,2014
Boronia thujona,native,old&recent_vouchers,1935,2008,2008,2021
Darwinia diminuta,native,old&recent_vouchers,1917,2008,1991,2020
Acacia bynoeana,native,old&recent_vouchers,1969,2008,2008,
Eriostemon australasius,native,old&recent_vouchers,1924,2008,2008,2004
Hardenbergia violacea,native,old&recent_vouchers,1917,2008,2008,2004
Leucopogon affinis,native,old&recent_vouchers,1924,2008,1990,2019
Phyllanthus gunnii,native,old&recent_vouchers,1898,2008,2008,2024
Styphelia ericoides,native,old&recent_vouchers,1932,2008,1990,2020
Eucalyptus resinifera,native,old&recent_vouchers,1948,2008,2007,
Gahnia erythrocarpa,native,old&recent_vouchers,1896,2008,2008,
Gahnia melanocarpa,native,old&recent_vouchers,1895,2008,2008,
Lepidosperma filiforme,native,old&recent_vouchers,1899,2008,2007,
Lepidosperma neesii,native,old&recent_vouchers,1947,2008,2008,
Schoenus moorei,native,old&recent_vouchers,1958,2008,2006,
Schoenus turbinatus,native,old&recent_vouchers,1974,2008,2008,
Silene gallica,introduced,old&recent_vouchers,1922,2010,2002,
Smilax australis,native,old&recent_vouchers,1897,2010,1992,2020
Smilax glyciphylla,native,old&recent_vouchers,1914,2010,2010,2019
Stylidium lineare,native,old&recent_vouchers,1937,2010,2005,2011
Ripogonum album,native,old&recent_vouchers,1958,2010,1998,
Acianthus fornicatus,native,old&recent_vouchers,1899,2011,1991,2020
Prostanthera denticulata,native,old&recent_vouchers,1888,2011,2011,2021
Pterostylis nutans,native,old&recent_vouchers,1892,2011,1991,2019
Allocasuarina nana,native,old&recent_vouchers,1975,2011,2011,
Xyris bracteata,native,old&recent_vouchers,1899,2011,1992,
Actinotus helianthi,native,old&recent_vouchers,1933,2012,1992,2004
Actinotus minor,native,old&recent_vouchers,1887,2012,1991,2011
Banksia marginata,native,old&recent_vouchers,1927,2012,1992,2012
Banksia spinulosa,native,old&recent_vouchers,1898,2012,2012,2020
Bauera rubioides,native,old&recent_vouchers,1896,2012,1992,2011
Billardiera scandens,native,old&recent_vouchers,1968,2012,2012,2014
Boronia serrulata,native,old&recent_vouchers,1908,2012,2005,2011
Bossiaea ensata,native,old&recent_vouchers,1887,2012,2001,2014
Breynia oblongifolia,native,old&recent_vouchers,1890,2012,2012,2020
Calytrix tetragona,native,old&recent_vouchers,1898,2012,1992,2003
Comesperma ericinum,native,old&recent_vouchers,1926,2012,2012,2008
Conospermum ellipticum,native,old&recent_vouchers,1888,2012,1990,2014
Conospermum longifolium,native,old&recent_vouchers,1888,2012,1990,2014
Dampiera stricta,native,old&recent_vouchers,1888,2012,1992,2004
Darwinia fascicularis,native,old&recent_vouchers,1888,2012,1991,2011
Doryanthes excelsa,native,old&recent_vouchers,1896,2012,1990,2004
Epacris microphylla,native,old&recent_vouchers,1889,2012,1990,2011
Epacris obtusifolia,native,old&recent_vouchers,1914,2012,1990,2015
Eucalyptus haemastoma,native,old&recent_vouchers,1897,2012,2012,2020
Euryomyrtus ramosissima,native,old&recent_vouchers,1888,2012,2001,2004
Grevillea diffusa,native,old&recent_vouchers,1886,2012,1990,2016
Grevillea oleoides,native,old&recent_vouchers,1888,2012,1992,2005
Grevillea sphacelata,native,old&recent_vouchers,1892,2012,1992,2012
Hakea gibbosa,native,old&recent_vouchers,1893,2012,1992,2014
Hakea laevipes,native,old&recent_vouchers,1927,2012,1996,2020
Hibbertia ericifolia,native,old&recent_vouchers,1970,2012,1992,2019
Hibbertia linearis,native,old&recent_vouchers,1970,2012,2012,2023
Isopogon anethifolius,native,old&recent_vouchers,1932,2012,1992,2013
Lambertia formosa,native,old&recent_vouchers,1887,2012,1991,2005
Leucopogon microphyllus,native,old&recent_vouchers,1887,2012,1990,2014
Lomandra filiformis,native,old&recent_vouchers,1964,2012,2001,2020
Lomandra obliqua,native,old&recent_vouchers,1896,2012,1992,2014
Melaleuca nodosa,native,old&recent_vouchers,1985,2012,2005,2013
Micrantheum ericoides,native,old&recent_vouchers,1896,2012,1999,2014
Mirbelia rubiifolia,native,old&recent_vouchers,1896,2012,1992,2014
Mitrasacme polymorpha,native,old&recent_vouchers,1942,2012,1990,2011
Patersonia sericea,native,old&recent_vouchers,1960,2012,1992,2016
Persoonia laurina,native,old&recent_vouchers,1921,2012,2012,2020
Philotheca buxifolia,native,old&recent_vouchers,1933,2012,1990,2004
Philotheca reichenbachii,native,old&recent_vouchers,1888,2012,1992,2021
Phyllota phylicoides,native,old&recent_vouchers,1898,2012,1992,2020
Pigea monopetala,native,old&recent_vouchers,1904,2012,2012,2004
Pimelea linifolia,native,old&recent_vouchers,1933,2012,1992,2004
Pittosporum revolutum,native,old&recent_vouchers,1897,2012,2012,2020
Ricinocarpos pinifolius,native,old&recent_vouchers,1933,2012,1990,2004
Rubus rosifolius,native,old&recent_vouchers,1924,2012,2012,2016
Sarcopetalum harveyanum,native,old&recent_vouchers,1915,2012,2012,2020
Scaevola ramosissima,native,old&recent_vouchers,1896,2012,2004,2004
Schoenus apogon,native,old&recent_vouchers,1983,2012,2008,2020
Schoenus brevifolius,native,old&recent_vouchers,1975,2012,1994,2021
Schoenus melanostachys,native,old&recent_vouchers,1973,2012,2012,2023
Sprengelia incarnata,native,old&recent_vouchers,1898,2012,1991,2004
Styphelia triflora,native,old&recent_vouchers,1921,2012,1990,2016
Syzygium smithii,native,old&recent_vouchers,1949,2012,2001,2020
Tetratheca shiressii,native,old&recent_vouchers,1888,2012,1990,2012
Woollsia pungens,native,old&recent_vouchers,1896,2012,1997,2015
Xanthorrhoea arborea,native,old&recent_vouchers,1896,2012,2000,2021
Xylomelum pyriforme,native,old&recent_vouchers,1986,2012,1996,2013
Anthelepis paludosa,native,old&recent_vouchers,1973,2012,2007,
Chordifex dimorphus,native,old&recent_vouchers,1896,2012,1992,
Claoxylon australe,native,old&recent_vouchers,1897,2012,2012,
Emmenosperma alphitonioides,native,old&recent_vouchers,1950,2012,2012,
Machaerina acuta,native,old&recent_vouchers,1897,2012,2012,
Schoenus ericetorum,native,old&recent_vouchers,1924,2012,2008,
Schoenus lepidosperma,native,old&recent_vouchers,1973,2012,2008,
Solanum pungetium,native,old&recent_vouchers,1888,2012,2012,
Tricostularia pauciflora,native,old&recent_vouchers,1900,2012,2012,
Urtica incisa,native,old&recent_vouchers,1924,2012,2012,
Angophora hispida,native,old&recent_vouchers,1905,2013,1991,2005
Gaudium trinervium,native,old&recent_vouchers,1888,2013,1992,2020
Goodenia dimorpha,native,old&recent_vouchers,1893,2013,2013,2020
Persoonia lanceolata,native,old&recent_vouchers,1887,2013,2000,2020
Persoonia levis,native,old&recent_vouchers,1914,2013,1994,2011
Persoonia pinifolia,native,old&recent_vouchers,1897,2013,1991,2005
Lepidosperma concavum,native,old&recent_vouchers,1895,2013,1992,
Lepidosperma sieberi,native,old&recent_vouchers,1973,2013,2013,
Eucalyptus burgessiana,native,old&recent_vouchers,1895,2014,1991,2014
Eucalyptus luehmanniana,native,old&recent_vouchers,1888,2014,1990,2014
Lomatia myricoides,native,old&recent_vouchers,1927,2014,2014,2020
Lomatia silaifolia,native,old&recent_vouchers,1943,2014,1994,2019
Patersonia glabrata,native,old&recent_vouchers,1893,2014,1990,2018
Acacia longifolia,native,old&recent_vouchers,1890,2015,2015,2020
Allocasuarina distyla,native,old&recent_vouchers,1928,2015,2001,2015
Allocasuarina littoralis,native,old&recent_vouchers,1896,2015,2015,2023
Banksia integrifolia,native,old&recent_vouchers,1987,2015,2015,2013
Banksia serrata,native,old&recent_vouchers,1955,2015,1992,2005
Corymbia gummifera,native,old&recent_vouchers,1896,2015,1991,2019
Dianella caerulea,native,old&recent_vouchers,1977,2015,2015,2021
Dillwynia retorta,native,old&recent_vouchers,1896,2015,1992,2018
Elaeocarpus reticulatus,native,old&recent_vouchers,1949,2015,2015,2018
Eucalyptus botryoides,native,old&recent_vouchers,1897,2015,2015,2023
Eucalyptus sieberi,native,old&recent_vouchers,1885,2015,1992,2020
Ficinia nodosa,native,old&recent_vouchers,1965,2015,2015,2019
Ficus rubiginosa,native,old&recent_vouchers,1905,2015,2015,2021
Gaudium laevigatum,native,old&recent_vouchers,1952,2015,2001,2016
Grevillea sericea,native,old&recent_vouchers,1893,2015,1990,2004
Imperata cylindrica,native,old&recent_vouchers,1915,2015,2015,2022
Isopogon anemonifolius,native,old&recent_vouchers,1888,2015,1992,2004
Kunzea ambigua,native,old&recent_vouchers,1903,2015,2001,2011
Lomandra longifolia,native,old&recent_vouchers,1885,2015,1992,2020
Microlaena stipoides,native,old&recent_vouchers,1969,2015,2015,2023
Pultenaea daphnoides,native,old&recent_vouchers,1896,2015,1997,2016
Telopea speciosissima,native,old&recent_vouchers,1899,2015,1990,2004
Thelymitra ixioides,native,old&recent_vouchers,1888,2015,1998,2015
Tristania neriifolia,native,old&recent_vouchers,1888,2015,1997,2019
Westringia fruticosa,native,old&recent_vouchers,1950,2015,1991,2017
Eragrostis brownii,native,old&recent_vouchers,1930,2015,2015,
Juncus cognatus,introduced,old&recent_vouchers,1954,2015,2015,
Leptospermum polygalifolium,native,old&recent_vouchers,1896,2015,2001,
Acacia suaveolens,native,old&recent_vouchers,1914,2016,2004,2012
Baeckea imbricata,native,old&recent_vouchers,1889,2016,2012,2019
Banksia ericifolia,native,old&recent_vouchers,1899,2016,2000,2011
Cryptandra ericoides,native,old&recent_vouchers,1887,2016,1998,2022
Entolasia stricta,native,old&recent_vouchers,1911,2016,2015,2022
Genoplesium baueri,native,old&recent_vouchers,1948,2016,1998,2023
Gymnostachys anceps,native,old&recent_vouchers,1897,2016,1992,2012
Hakea sericea,native,old&recent_vouchers,1888,2016,1993,2019
Hakea teretifolia,native,old&recent_vouchers,1933,2016,2005,2008
Juncus planifolius,native,old&recent_vouchers,1973,2016,2016,2022
Kunzea capitata,native,old&recent_vouchers,1896,2016,1992,2010
Leptospermum squarrosum,native,old&recent_vouchers,1887,2016,1992,2014
Lobelia anceps,native,old&recent_vouchers,1952,2016,2016,2018
Lobelia andrewsii,native,old&recent_vouchers,1890,2016,1992,2020
Lomandra glauca,native,old&recent_vouchers,1958,2016,2008,2016
Melaleuca thymifolia,native,old&recent_vouchers,1901,2016,2016,2011
Petrophile pulchella,native,old&recent_vouchers,1896,2016,2005,2019
Ptilothrix deusta,native,old&recent_vouchers,1896,2016,1994,2022
Themeda triandra,native,old&recent_vouchers,1983,2016,2016,2021
Thysanotus virgatus,native,old&recent_vouchers,1946,2016,1994,2024
Viola sieberiana,native,old&recent_vouchers,1888,2016,1998,2020
Centella cordifolia,native,old&recent_vouchers,1960,2016,2016,
Cyperus brevifolius,introduced,old&recent_vouchers,1975,2016,2016,
Goodenia paniculata,native,old&recent_vouchers,1983,2016,2016,
Isolepis inundata,native,old&recent_vouchers,1975,2016,2016,
Acacia linifolia,native,old&recent_vouchers,1915,2017,1998,2019
Acacia terminalis,native,old&recent_vouchers,1927,2017,1992,2019
Ageratina riparia,introduced,old&recent_vouchers,1948,2017,2017,2020
Corybas pruinosus,native,old&recent_vouchers,1926,2017,2017,2020
Dodonaea triquetra,native,old&recent_vouchers,1901,2017,1992,2005
Drosera spatulata,native,old&recent_vouchers,1958,2017,1992,2004
Grevillea buxifolia,native,old&recent_vouchers,1896,2017,1992,2011
Grevillea mucronulata,native,old&recent_vouchers,1898,2017,2014,2020
Hemigenia purpurea,native,old&recent_vouchers,1887,2017,1990,2014
Hibbertia empetrifolia,native,old&recent_vouchers,1972,2017,1998,2020
Leptomeria acida,native,old&recent_vouchers,1896,2017,2006,2014
Melaleuca citrina,native,old&recent_vouchers,1914,2017,2005,2018
Psychotria loniceroides,native,old&recent_vouchers,1893,2017,2017,2022
Pterostylis grandiflora,native,old&recent_vouchers,1924,2017,1991,2019
Pterostylis longifolia,native,old&recent_vouchers,1926,2017,1995,2019
Stachys arvensis,introduced,old&recent_vouchers,1888,2017,2017,
Eucalyptus globoidea,native,old&recent_vouchers,1906,2018,1993,2018
Ficus coronata,native,old&recent_vouchers,1949,2018,2018,2021
Leucopogon parviflorus,native,old&recent_vouchers,1970,2018,2002,2021
Xerochrysum bracteatum,native,old&recent_vouchers,1957,2018,1994,2018
Cenchrus alopecuroides,introduced,old&recent_vouchers,1978,2018,2018,
Euchiton involucratus,native,old&recent_vouchers,1978,2018,2018,
Senecio linearifolius,native,old&recent_vouchers,1888,2018,1996,
Adiantum aethiopicum,native,old&recent_vouchers,1933,2019,2018,
Adiantum formosum,native,old&recent_vouchers,1896,2019,2019,2017
Asplenium flabellifolium,native,old&recent_vouchers,1905,2019,2001,2020
Callicoma serratifolia,native,old&recent_vouchers,1929,2019,1993,2004
Diospyros australis,native,old&recent_vouchers,1947,2019,1993,2023
Elaeodendron australe,native,old&recent_vouchers,1933,2019,1993,2019
Eupomatia laurina,native,old&recent_vouchers,1932,2019,2019,2020
Eustrephus latifolius,native,old&recent_vouchers,1975,2019,1992,2020
Gahnia aspera,native,old&recent_vouchers,1921,2019,2001,2019
Gynochthodes jasminoides,native,old&recent_vouchers,1908,2019,1993,2020
Libertia paniculata,native,old&recent_vouchers,1888,2019,2012,2021
Microsorum scandens,native,old&recent_vouchers,1890,2019,2019,2020
Oceaniopteris cartilaginea,native,old&recent_vouchers,1905,2019,2019,2020
Pittosporum multiflorum,native,old&recent_vouchers,1952,2019,2019,2020
Scaevola calendulacea,native,old&recent_vouchers,1953,2019,2018,2018
Cryptocarya glaucescens,native,old&recent_vouchers,1899,2019,2019,
Guioa semiglauca,native,old&recent_vouchers,1947,2019,2019,
Prostanthera densa,native,old&recent_vouchers,1888,2019,2005,
Rhagodia candolleana,native,old&recent_vouchers,1983,2019,2019,
Wollastonia uniflora,native,old&recent_vouchers,1975,2019,2019,
Cupaniopsis anacardioides,native,old&recent_vouchers,1982,2020,2020,2022
Corybas aconitiflorus,native,old&recent_vouchers,1927,2020,1995,2020
Corybas fimbriatus,native,old&recent_vouchers,1895,2020,2017,2020
Corybas unguiculatus,native,old&recent_vouchers,1927,2020,1998,2022
Doryphora sassafras,native,old&recent_vouchers,1930,2020,2017,2020
Gompholobium glabratum,native,old&recent_vouchers,1906,2020,1992,2020
Orthoceras strictum,native,old&recent_vouchers,1946,2020,1993,2021
Pultenaea blakelyi,native,old&recent_vouchers,1893,2020,1990,2016
Pultenaea tuberculata,native,old&recent_vouchers,1893,2020,1992,2004
Alphitonia excelsa,native,old&recent_vouchers,1888,2021,2021,2020
Phebalium squamulosum,native,old&recent_vouchers,1888,2021,1990,2013
Prostanthera incisa,native,old&recent_vouchers,1888,2021,2019,2021
Hibbertia monogyna,native,old&recent_vouchers,1969,2022,2001,2020
Hibbertia scandens,native,old&recent_vouchers,1948,2022,1991,2005
Eucalyptus pilularis,native,old&recent_vouchers,1897,2023,2023,2020
Eucalyptus paniculata,native,old_vouchers_only,1905,2023,2023,2023
Nematolepis squamea,native,old_vouchers_only,,,,2021
Myriophyllum gracile,native,old_vouchers_only,,,,
Commelina cyanea,native,only_pre1990_is_iNat,1988,,,2019
Gomphocarpus fruticosus,introduced,only_pre1990_is_iNat,1988,2002,2002,2020
Lantana camara,introduced,only_pre1990_is_iNat,1988,,,
Macrozamia communis,native,only_pre1990_is_iNat,1988,2003,2012,2020
Senna pendula,introduced,only_pre1990_is_iNat,1988,,,2020
