scientific_name,family,establishment_means,year,record type,category,latitude,longitude
Acacia pycnantha,Fabaceae,introduced,1956,voucher,long unseen,-34.07,151.02
Anredera cordifolia,Basellaceae,introduced,1975,voucher,long unseen,-34.15,151.033333
Arctotheca populifolia,Asteraceae,introduced,1971,voucher,long unseen,-34.113755,151.13952
Asparagus setaceus,Asparagaceae,introduced,1983,voucher,long unseen,-34.081667,151.167778
Axonopus fissifolius,Poaceae,introduced,1958,voucher,long unseen,-34.07,151.05
Callitriche stagnalis,Plantaginaceae,introduced,1975,voucher,long unseen,-34.148424,151.034496
Cenchrus clandestinus,Poaceae,introduced,1937,voucher,long unseen,-34.07,151.02
Crassocephalum crepidioides,Asteraceae,introduced,1977,voucher,long unseen,-34.2,151.02
Cynodon dactylon,Poaceae,introduced,1983,voucher,long unseen,-34.081667,151.167778
Digitaria ciliaris,Poaceae,introduced,1978,voucher,long unseen,-34.2,151.02
Digitaria didactyla,Poaceae,introduced,1973,voucher,long unseen,-34.115,151.134444
Digitaria ischaemum,Poaceae,introduced,1973,voucher,long unseen,-34.07,151.05
Echinochloa crus-galli,Poaceae,introduced,1930,voucher,long unseen,-34.07,151.07
Egeria densa,Hydrocharitaceae,introduced,1973,voucher,long unseen,-34.08,151.05
Eleocharis minuta,Cyperaceae,introduced,1976,voucher,long unseen,-34.08,151.17
Eragrostis cilianensis,Poaceae,introduced,1928,voucher,long unseen,-34.0667,151.0167
Eragrostis tenuifolia,Poaceae,introduced,1981,voucher,long unseen,-34.083423,151.135834
Erechtites valerianifolius,Asteraceae,introduced,1984,voucher,long unseen,-34.2,151.02
Erigeron sumatrensis,Asteraceae,introduced,1983,voucher,long unseen,-34.081667,151.167778
Gamochaeta americana,Asteraceae,introduced,1978,voucher,long unseen,-34.2,151.03
Grevillea banksii,Proteaceae,introduced,1975,voucher,long unseen,-34.1,151.1
Isolepis levynsiana,Cyperaceae,introduced,1986,voucher,long unseen,-34.1417,151.07
Isolepis prolifera,Cyperaceae,introduced,1975,voucher,long unseen,-34.08,151.05
Juncus acuminatus,Juncaceae,introduced,1989,voucher,long unseen,-34.081667,151.051111
Juncus bulbosus,Juncaceae,introduced,1975,voucher,long unseen,-34.12,151.13
Juncus effusus,Juncaceae,introduced,1975,voucher,long unseen,-34.08,151.05
Juncus microcephalus,Juncaceae,introduced,1973,voucher,long unseen,-34.1,151.12
Juncus tenuis,Juncaceae,introduced,1975,voucher,long unseen,-34.15,151.03
Lantana camara,Verbenaceae,introduced,1988,iNat,long unseen,-34.10975,151.05923
Lolium arundinaceum,Poaceae,introduced,1987,voucher,long unseen,-34.13,151
Lophostemon confertus,Myrtaceae,introduced,1975,voucher,long unseen,-34.1,151.1
Melianthus major,Francoaceae,introduced,1973,voucher,long unseen,-34.0794,151.1114
Nymphaea nouchali,Nymphaeaceae,introduced,1969,voucher,long unseen,-34.12,151.12
Oxalis purpurea,Oxalidaceae,introduced,1975,voucher,long unseen,-34.08,151.05
Passiflora edulis,Passifloraceae,introduced,1890,voucher,long unseen,-34.22,151
Physalis peruviana,Solanaceae,introduced,1975,voucher,long unseen,-34.07,151.07
Plantago coronopus,Plantaginaceae,introduced,1982,voucher,long unseen,-34.115,151.134444
Polypogon monspeliensis,Poaceae,introduced,1983,voucher,long unseen,-34.115,151.134444
Populus alba,Salicaceae,introduced,1984,voucher,long unseen,-34.081457,151.053947
Ranunculus muricatus,Ranunculaceae,introduced,1965,voucher,long unseen,-34.22,151
Sagina maritima,Caryophyllaceae,introduced,1976,voucher,long unseen,-34.08,151.17
Solanum chenopodioides,Solanaceae,introduced,1972,voucher,long unseen,-34.07,151.07
Sporobolus africanus,Poaceae,introduced,1969,voucher,long unseen,-34.0636457,151.0353513
Tanacetum vulgare,Asteraceae,introduced,1966,voucher,long unseen,-34.22,151
Tropaeolum majus,Tropaeolaceae,introduced,1975,voucher,long unseen,-34.07,151.07
Vicia sativa,Fabaceae,introduced,1975,voucher,long unseen,-34.07,151.02
Vicia tetrasperma,Fabaceae,introduced,1966,voucher,long unseen,-34.12,151
Xanthium strumarium,Asteraceae,introduced,1975,voucher,long unseen,-34.17092,151.052982
Abrophyllum ornans,Rousseaceae,native,1978,voucher,long unseen,-34.123056,151.0475
Acacia baueri,Fabaceae,native,1972,voucher,long unseen,-34.081757,151.084494
Acacia elata,Fabaceae,native,1952,voucher,long unseen,-34.133333,151
Acacia maidenii,Fabaceae,native,1897,voucher,long unseen,-34.1,151.05
Acacia obtusifolia,Fabaceae,native,1960,voucher,long unseen,-34.075,151.02
Acacia schinoides,Fabaceae,native,1975,voucher,long unseen,-34.1,151.1
Acianthus exsertus,Orchidaceae,native,1971,voucher,long unseen,-34.065091,151.051161
Acronychia oblongifolia,Rutaceae,native,1982,voucher,long unseen,-34.144234,151.030873
Adiantum silvaticum,Pteridaceae,native,1904,voucher,long unseen,-34.07,151.07
Ajuga australis,Lamiaceae,native,1897,voucher,long unseen,-34.22,151
Alectryon subcinereus,Sapindaceae,native,1956,voucher,long unseen,-34.116667,151.033333
Almaleea paludosa,Fabaceae,native,1981,voucher,long unseen,-34.0956,151.0872
Alternanthera denticulata,Amaranthaceae,native,1975,voucher,long unseen,-34.07,151.07
Amyema pendula,Loranthaceae,native,1888,voucher,long unseen,-34.12,151
Amylotheca dictyophleba,Loranthaceae,native,1978,voucher,long unseen,-34.2,151.02
Aneilema biflorum,Commelinaceae,native,1977,voucher,long unseen,-34.15,151.03
Apium prostratum,Apiaceae,native,1947,voucher,long unseen,-34.116667,151.033333
Arrhenechthites mixtus,Asteraceae,native,1983,voucher,long unseen,-34.081667,151.167778
Arthropteris tenella,Tectariaceae,native,1964,voucher,long unseen,-34.148111,151.035222
Asplenium polyodon,Aspleniaceae,native,1927,voucher,long unseen,-34.133333,151
Astrotricha crassifolia,Araliaceae,native,1950,voucher,long unseen,-34.131758,151.034495
Austrostipa pubescens,Poaceae,native,1889,voucher,long unseen,-34.17,151.03
Backhousia leptopetala,Myrtaceae,native,1960,voucher,long unseen,-34.116667,151.033333
Bacopa monnieri,Plantaginaceae,native,1975,voucher,long unseen,-34.12,151.13
Baeckea diosmifolia,Myrtaceae,native,1987,voucher,long unseen,-34.15,151.02
Baloskion tetraphyllum,Restionaceae,native,1989,voucher,long unseen,-34.08,151.12
Banksia paludosa,Proteaceae,native,1977,voucher,long unseen,-34.1297,150.9983
Bertya pomaderroides,Euphorbiaceae,native,1966,voucher,long unseen,-34.0767,151.0433
Boronia barkeriana,Rutaceae,native,1908,voucher,long unseen,-34.13,151
Bossiaea obcordata,Fabaceae,native,1964,voucher,long unseen,-34.07,151.07
Bossiaea rhombifolia,Fabaceae,native,1915,voucher,long unseen,-34.07,151.02
Bothriochloa decipiens,Poaceae,native,1987,voucher,long unseen,-34.075184,151.054686
Caladenia tessellata,Orchidaceae,native,1955,voucher,long unseen,-34.1,151.1
Calamagrostis quadriseta,Poaceae,native,1973,voucher,long unseen,-34.104,151.137883
Callitris muelleri,Cupressaceae,native,1986,voucher,long unseen,-34.101352,151.113704
Calomeria amaranthoides ,Asteraceae,native,1910,voucher,long unseen,-34.07,151.07
Carex appressa,Cyperaceae,native,1894,voucher,long unseen,-34.22,151
Carex breviculmis,Cyperaceae,native,1911,voucher,long unseen,-34.22,151
Carex brunnea,Cyperaceae,native,1977,voucher,long unseen,-34.15,151.03
Carex declinata,Cyperaceae,native,1978,voucher,long unseen,-34.2,151.02
Carex pumila,Cyperaceae,native,1897,voucher,long unseen,-34.22,151
Cassinia aculeata,Asteraceae,native,1896,voucher,long unseen,-34.131758,151.001163
Cassinia longifolia,Asteraceae,native,1965,voucher,long unseen,-34.15,151.03
Cassinia trinerva,Asteraceae,native,1984,voucher,long unseen,-34.100114,151.049997
Cassytha melantha,Lauraceae,native,1895,voucher,long unseen,-34.07,151.07
Cassytha paniculata,Lauraceae,native,1974,voucher,long unseen,-34.07,151.07
Celastrus subspicatus,Celastraceae,native,1982,voucher,long unseen,-34.187715,151.043426
Cenchrus caliculatus,Poaceae,native,1973,voucher,long unseen,-34.07,151.08
Centella asiatica,Apiaceae,native,1986,voucher,long unseen,-34.2167,151.0083
Centrolepis fascicularis,Restionaceae,native,1971,voucher,long unseen,-34.12,151.07
Ceodes umbellifera,Nyctaginaceae,native,1978,voucher,long unseen,-34.183333,151.033333
Cheilanthes distans,Pteridaceae,native,1951,voucher,long unseen,-34.1,151.066667
Chenopodium trigonon,Amaranthaceae,native,1978,voucher,long unseen,-34.2,151.02
Chiloglottis reflexa,Orchidaceae,native,1969,voucher,long unseen,-34.065091,151.051161
Choretrum candollei,Santalaceae,native,1973,voucher,long unseen,-34.15,151.02
Chorizandra cymbaria,Cyperaceae,native,1983,voucher,long unseen,-34.081667,151.167778
Chorizandra sphaerocephala,Cyperaceae,native,1983,voucher,long unseen,-34.081667,151.167778
Citronella moorei,Cardiopteridaceae,native,1982,voucher,long unseen,-34.15,151.05
Cladium procerum,Cyperaceae,native,1975,voucher,long unseen,-34.12,151.13
Clematis glycinoides,Ranunculaceae,native,1970,voucher,long unseen,-34.166667,151.066667
Commersonia dasyphylla,Malvaceae,native,1975,voucher,long unseen,-34.17,151.07
Coopernookia barbata,Goodeniaceae,native,1891,voucher,long unseen,-34.22,151
Coronidium gunnianum,Asteraceae,native,1933,voucher,long unseen,-34.12,151
Corybas hispidus,Orchidaceae,native,1948,voucher,long unseen,-34.081757,151.084494
Crassula sieberiana,Crassulaceae,native,1946,voucher,long unseen,-34.15,151.02
Cryptocarya microneura,Lauraceae,native,1982,voucher,long unseen,-34.136131,151.031603
Cyanothamnus rigens,Rutaceae,native,1901,voucher,long unseen,-34.08,151.02
Cyclophyllum longipetalum,Rubiaceae,native,1986,voucher,long unseen,-34.2167,151.0083
Cycnogeton rheophilum,Juncaginaceae,native,1893,voucher,long unseen,-34.0667,151.0833
Cyperus cyperoides,Cyperaceae,native,1978,voucher,long unseen,-34.2,151.02
Cyperus gracilis,Cyperaceae,native,1978,voucher,long unseen,-34.2,151.02
Cyperus imbecillis,Cyperaceae,native,1977,voucher,long unseen,-34.15,151.03
Cyperus laevis,Cyperaceae,native,1975,voucher,long unseen,-34.15,151.03
Cyperus mirus,Cyperaceae,native,1975,voucher,long unseen,-34.15,151.03
Cyperus polystachyos,Cyperaceae,native,1975,voucher,long unseen,-34.12,151
Cyperus sanguinolentus,Cyperaceae,native,1975,voucher,long unseen,-34.17,151.05
Cyperus sphaeroideus,Cyperaceae,native,1975,voucher,long unseen,-34.171098,151.052929
Cyperus trinervis,Cyperaceae,native,1977,voucher,long unseen,-34.15,151.03
Cyrtostylis reniformis,Orchidaceae,native,1976,voucher,long unseen,-34.081757,151.10116
Davallia solida,Davalliaceae,native,1964,voucher,long unseen,-34.114167,151.046111
Deeringia amaranthoides,Amaranthaceae,native,1983,voucher,long unseen,-34.187715,151.043426
Dendrocnide excelsa,Urticaceae,native,1978,voucher,long unseen,-34.18,151.03
Dennstaedtia davallioides,Dennstaedtiaceae,native,1946,voucher,long unseen,-34.12,151
Dicranopteris linearis,Gleicheniaceae,native,1973,voucher,long unseen,-34.05,151.066667
Dictymia brownii,Polypodiaceae,native,1905,voucher,long unseen,-34.22,151
Digitaria parviflora,Poaceae,native,1931,voucher,long unseen,-34.07,151.07
Dillwynia glaberrima,Fabaceae,native,1975,voucher,long unseen,-34.1,151.1
Dillwynia sericea,Fabaceae,native,1932,voucher,long unseen,-34.081757,151.084494
Dillwynia trichopoda,Fabaceae,native,1964,voucher,long unseen,-34.13,151.07
Diplazium australe,Athyriaceae,native,1984,voucher,long unseen,-34.100114,151.049997
Dodonaea camfieldii,Sapindaceae,native,1966,voucher,long unseen,-34.12,151.02
Drosera hookeri,Droseraceae,native,1981,voucher,long unseen,-34.12,151.02
Eclipta platyglossa,Asteraceae,native,1975,voucher,long unseen,-34.18,151.05
Eleocharis gracilis,Cyperaceae,native,1975,voucher,long unseen,-34.07,151.05
Eleocharis sphacelata,Cyperaceae,native,1983,voucher,long unseen,-34.081667,151.167778
Endiandra sieberi,Lauraceae,native,1985,voucher,long unseen,-34.18,151.05
Entolasia whiteana,Poaceae,native,1973,voucher,long unseen,-34.07,151.08
Epacris purpurascens,Ericaceae,native,1921,voucher,long unseen,-34.081757,151.084494
Epilobium hirtigerum,Onagraceae,native,1969,voucher,long unseen,-34.07,151.05
Eragrostis trachycarpa,Poaceae,native,1928,voucher,long unseen,-34.0667,151.0167
Eriachne glabrata,Poaceae,native,1978,voucher,long unseen,-34.15,151.05
Eriocaulon scariosum,Eriocaulaceae,native,1973,voucher,long unseen,-34.052919,151.067008
Eucalyptus apiculata,Myrtaceae,native,1984,voucher,long unseen,-34.100114,151.049997
Eucalyptus capitellata,Myrtaceae,native,1988,voucher,long unseen,-34.133333,151
Eucalyptus consideniana,Myrtaceae,native,1988,voucher,long unseen,-34.113144,151.060322
Eucalyptus eugenioides,Myrtaceae,native,1986,voucher,long unseen,-34.08,151.1
Eucalyptus saligna,Myrtaceae,native,1984,voucher,long unseen,-34.075184,151.054686
Eucalyptus scias,Myrtaceae,native,1985,voucher,long unseen,-34.193799,151.029179
Eucalyptus squamosa,Myrtaceae,native,1987,voucher,long unseen,-34.07,151.02
Eucalyptus tereticornis,Myrtaceae,native,1925,voucher,long unseen,-34.13,151.12
Euphrasia collina,Scrophulariaceae,native,1924,voucher,long unseen,-34.07,151.02
Eurychorda complanata,Restionaceae,native,1975,voucher,long unseen,-34.17,151.05
Ficus henneana,Moraceae,native,1985,voucher,long unseen,-34.199172,151.026883
Fimbristylis dichotoma,Cyperaceae,native,1973,voucher,long unseen,-34.13,151
Fimbristylis ferruginea,Cyperaceae,native,1975,voucher,long unseen,-34.09009,151.142826
Flagellaria indica,Flagellariaceae,native,1986,voucher,long unseen,-34.1125,151.05
Gahnia microstachya,Cyperaceae,native,1975,voucher,long unseen,-34.090091,151.059494
Gahnia radula,Cyperaceae,native,1979,voucher,long unseen,-34.1,151.08
Galinsoga parviflora,Asteraceae,introduced,1890,voucher,long unseen,-34.07,151.02
Gaudium parvifolium,Myrtaceae,native,1987,voucher,long unseen,-34.15,151.02
Genoplesium nudiscapum,Orchidaceae,native,1949,voucher,long unseen,-34.133333,151
Genoplesium woollsii,Orchidaceae,native,1956,voucher,long unseen,-34.066667,151.016667
Geranium potentilloides,Geraniaceae,native,1946,voucher,long unseen,-34.116667,151.033333
Gmelina leichhardtii,Lamiaceae,native,1987,voucher,long unseen,-34.123599,151.037315
Gonocarpus salsoloides,Haloragaceae,native,1981,voucher,long unseen,-34.094672,151.08404
Gonocarpus tetragynus,Haloragaceae,native,1967,voucher,long unseen,-34.0633,151.0572
Goodenia bellidifolia,Goodeniaceae,native,1980,voucher,long unseen,-34.1,151.066667
Goodenia caroliniana,Goodeniaceae,native,1969,voucher,long unseen,-34.07,151.07
Gratiola pubescens,Plantaginaceae,native,1965,voucher,long unseen,-34.12,151.12
Grevillea capitellata,Proteaceae,native,1975,voucher,long unseen,-34.1,151.1
Grevillea linearifolia,Proteaceae,native,1964,voucher,long unseen,-34.07,151.07
Grevillea parviflora,Proteaceae,native,1977,voucher,long unseen,-34.12,151
Grevillea patulifolia,Proteaceae,native,1888,voucher,long unseen,-34.12,151
Gymnoschoenus sphaerocephalus,Cyperaceae,native,1975,voucher,long unseen,-34.16509,151.084495
Halophila decipiens,Hydrocharitaceae,native,1974,voucher,long unseen,-34.083333,151.116667
Halophila ovalis,Hydrocharitaceae,native,1974,voucher,long unseen,-34.081411,151.104056
Hemarthria uncinata,Poaceae,native,1902,voucher,long unseen,-34.07,151.07
Hibbertia bracteata,Dilleniaceae,native,1955,voucher,long unseen,-34.083333,151.05
Hibiscus richardsonii,Malvaceae,native,1890,voucher,long unseen,-34.22,151
Homalanthus stillingiifolius,Euphorbiaceae,native,1969,voucher,long unseen,-34.08,151.08
Hovea longifolia,Fabaceae,native,1936,voucher,long unseen,-34.116667,151.05
Hydrocotyle acutiloba,Araliaceae,native,1968,voucher,long unseen,-34.07,151.02
Hypolepis glandulifera,Dennstaedtiaceae,native,1966,voucher,long unseen,-34.22,151
Isolepis fluitans,Cyperaceae,native,1905,voucher,long unseen,-34.07,151.05
Jacksonia scoparia,Fabaceae,native,1899,voucher,long unseen,-34.07,151.02
Juncus bufonius,Juncaceae,native,1895,voucher,long unseen,-34.137453,150.99869
Juncus continuus,Juncaceae,native,1975,voucher,long unseen,-34.15,151.03
Juncus homalocaulis,Juncaceae,native,1975,voucher,long unseen,-34.15,151.03
Juncus pallidus,Juncaceae,native,1975,voucher,long unseen,-34.08,151.07
Juncus prismatocarpus,Juncaceae,native,1975,voucher,long unseen,-34.17,151.05
Juncus remotiflorus,Juncaceae,native,1975,voucher,long unseen,-34.07,151.03
Juncus subsecundus,Juncaceae,native,1975,voucher,long unseen,-34.13,151
Juncus usitatus,Juncaceae,native,1975,voucher,long unseen,-34.17,151.05
Juncus vaginatus,Juncaceae,native,1896,voucher,long unseen,-34.12,151
Lastreopsis decomposita,Dryopteridaceae,native,1966,voucher,long unseen,-34.22,151
Laxmannia gracilis,Asparagaceae,native,1892,voucher,long unseen,-34.12,151
Legnephora moorei,Menispermaceae,native,1978,voucher,long unseen,-34.18,151.03
Leichhardtia flavescens,Apocynaceae,native,1960,voucher,long unseen,-34.116667,151.033333
Lepidium pseudotasmanicum,Brassicaceae,native,1899,voucher,long unseen,-34.22,151
Lepidosperma flexuosum,Cyperaceae,native,1973,voucher,long unseen,-34.090091,151.026162
Lepidosperma longitudinale,Cyperaceae,native,1951,voucher,long unseen,-34.1,151.1
Lepidosperma quadrangulatum,Cyperaceae,native,1973,voucher,long unseen,-34.056745,151.052753
Lepidosperma urophorum,Cyperaceae,native,1977,voucher,long unseen,-34.17,151.02
Leptinella longipes,Asteraceae,native,1975,voucher,long unseen,-34.18,151.05
Leptospermum continentale,Myrtaceae,native,1986,voucher,long unseen,-34.0833,151.0708
Leptospermum juniperinum,Myrtaceae,native,1985,voucher,long unseen,-34.08,151.07
Leptospermum morrisonii,Myrtaceae,native,1898,voucher,long unseen,-34.0767,151.0433
Lepyrodia anarthria,Restionaceae,native,1975,voucher,long unseen,-34.12,151.03
Lepyrodia verruculosa,Restionaceae,native,1986,voucher,long unseen,-34.1,151.116667
Leucopogon virgatus,Ericaceae,native,1983,voucher,long unseen,-34.081667,151.167778
Litsea reticulata,Lauraceae,native,1985,voucher,long unseen,-34.205359,151.019143
Lobelia gibbosa,Campanulaceae,native,1889,voucher,long unseen,-34.07,151.07
Lobelia simplicicaulis,Campanulaceae,native,1894,voucher,long unseen,-34.07,151.02
Lomandra brevis,Asparagaceae,native,1986,voucher,long unseen,-34.1167,151.0667
Lomandra fluviatilis,Asparagaceae,native,1978,voucher,long unseen,-34.13,151
Lomandra gracilis,Asparagaceae,native,1978,voucher,long unseen,-34.07,151.05
Lomandra micrantha,Asparagaceae,native,1969,voucher,long unseen,-34.12,151.02
Luzula flaccida,Juncaceae,native,1960,voucher,long unseen,-34.1,151.066667
Machaerina arthrophylla ,Cyperaceae,native,1976,voucher,long unseen,-34.08,151.17
Machaerina articulata,Cyperaceae,native,1983,voucher,long unseen,-34.081667,151.167778
Machaerina gunnii,Cyperaceae,native,1975,voucher,long unseen,-34.106756,151.142827
Machaerina nuda ,Cyperaceae,native,1975,voucher,long unseen,-34.07,151.03
Machaerina rubiginosa,Cyperaceae,native,1975,voucher,long unseen,-34.1,151.13
Melaleuca squarrosa,Myrtaceae,native,1961,voucher,long unseen,-34.1,151.07
Melicytus dentatus,Violaceae,native,1888,voucher,long unseen,-34.07,151.1
Melodinus australis,Apocynaceae,native,1968,voucher,long unseen,-34.13,151.07
Micromyrtus ciliata,Myrtaceae,native,1923,voucher,long unseen,-34.07,151.02
Microsorum pustulatum,Polypodiaceae,native,1942,voucher,long unseen,-34.13,151
Mitrasacme paludosa,Loganiaceae,native,1973,voucher,long unseen,-34.090579,151.123956
Monotaxis linifolia,Euphorbiaceae,native,1986,voucher,long unseen,-34.1417,151.07
Muehlenbeckia gracillima,Polygonaceae,native,1898,voucher,long unseen,-34.22,151
Myoporum acuminatum,Scrophulariaceae,native,1893,voucher,long unseen,-34.22,151
Myriophyllum gracile,Haloragaceae,native,,voucher,long unseen,-34.07,151.07
Myriophyllum variifolium,Haloragaceae,native,1958,voucher,long unseen,-34.07,151.05
Netrostylis capillaris,Cyperaceae,native,1978,voucher,long unseen,-34.125,151.025
Nicotiana forsteri,Solanaceae,native,1978,voucher,long unseen,-34.18,151.03
Notogrammitis billardierei,Polypodiaceae,native,1953,voucher,long unseen,-34.15,151.016667
Notothixos subaureus,Santalaceae,native,1960,voucher,long unseen,-34.1,151.066667
Opercularia aspera,Rubiaceae,native,1971,voucher,long unseen,-34.133333,151.083333
Opercularia hispida,Rubiaceae,native,1973,voucher,long unseen,-34.07,151.07
Opercularia varia,Rubiaceae,native,1973,voucher,long unseen,-34.1,151
Ophioglossum lusitanicum,Ophioglossaceae,native,1976,voucher,long unseen,-34.08,151.08
Ozothamnus adnatus,Asteraceae,native,1975,voucher,long unseen,-34.17,151.02
Palhinhaea cernua,Lycopodiaceae,native,1953,voucher,long unseen,-34.13,151.07
Panicum simile,Poaceae,native,1957,voucher,long unseen,-34.081667,151.051111
Parapolystichum acuminatum,Dryopteridaceae,native,1966,voucher,long unseen,-34.22,151
Parapolystichum microsorum,Dryopteridaceae,native,1977,voucher,long unseen,-34.22,151
Pararchidendron pruinosum,Fabaceae,native,1985,voucher,long unseen,-34.205359,151.019143
Patersonia fragilis,Iridaceae,native,1981,voucher,long unseen,-34.08333,151.13333
Pelargonium inodorum,Geraniaceae,native,1986,voucher,long unseen,-34.2167,151.0083
Pennantia cunninghamii,Pennantiaceae,native,1899,voucher,long unseen,-34.22,151
Peperomia leptostachya ,Piperaceae,native,1984,voucher,long unseen,-34.092504,151.124738
Persicaria decipiens,Polygonaceae,native,1958,voucher,long unseen,-34.08,151.02
Persicaria hydropiper,Polygonaceae,native,1975,voucher,long unseen,-34.15,151.03
Persicaria prostrata ,Polygonaceae,native,1895,voucher,long unseen,-34.07,151.07
Persicaria strigosa,Polygonaceae,native,1975,voucher,long unseen,-34.15,151.03
Persoonia hirsuta,Proteaceae,native,1898,voucher,long unseen,-34.07,151.07
Piper hederaceum,Piperaceae,native,1978,voucher,long unseen,-34.18,151.03
Plantago hispida,Plantaginaceae,native,1971,voucher,long unseen,-34.166667,151.05
Plantago varia,Plantaginaceae,native,1971,voucher,long unseen,-34.166667,151.05
Platylobium parviflorum,Fabaceae,native,1964,voucher,long unseen,-34.07,151.07
Plinthanthesis paradoxa,Poaceae,native,1975,voucher,long unseen,-34.098333,151.117778
Poa affinis,Poaceae,native,1956,voucher,long unseen,-34.07,151.08
Poa poiformis,Poaceae,native,1982,voucher,long unseen,-34.115,151.134444
Poa tenera,Poaceae,native,1927,voucher,long unseen,-34.0667,151.0667
Podolepis jaceoides,Asteraceae,native,1897,voucher,long unseen,-34.22,151
Pollia crispata,Commelinaceae,native,1977,voucher,long unseen,-34.22,151
Polyscias elegans,Araliaceae,native,1986,voucher,long unseen,-34.2167,151.0083
Polyscias murrayi,Araliaceae,native,1956,voucher,long unseen,-34.116667,151.033333
Pomaderris andromedifolia,Rhamnaceae,native,1936,voucher,long unseen,-34.116667,151.05
Pomaderris discolor,Rhamnaceae,native,1966,voucher,long unseen,-34.15,151.0167
Pomaderris elliptica,Rhamnaceae,native,1896,voucher,long unseen,-34.081757,151.084494
Pomaderris ferruginea,Rhamnaceae,native,1942,voucher,long unseen,-34.066667,151.016667
Pomaderris intermedia,Rhamnaceae,native,1984,voucher,long unseen,-34.100114,151.049997
Pomaderris lanigera,Rhamnaceae,native,1927,voucher,long unseen,-34.066667,151.016667
Pomaderris ledifolia,Rhamnaceae,native,1928,voucher,long unseen,-34.066667,151.016667
Pomaderris ligustrina,Rhamnaceae,native,1966,voucher,long unseen,-34.07,151.02
Poranthera microphylla,Phyllanthaceae,native,1966,voucher,long unseen,-34.22,151
Posidonia australis,Posidoniaceae,native,1977,voucher,long unseen,-34.078433,151.10742
Potamogeton ochreatus,Potamogetonaceae,native,1973,voucher,long unseen,-34.08,151.05
Prasophyllum striatum,Orchidaceae,native,1969,voucher,long unseen,-34.081758,151.034495
Prostanthera lasianthos,Lamiaceae,native,1985,voucher,long unseen,-34.185833,151.043611
Prostanthera violacea,Lamiaceae,native,1948,voucher,long unseen,-34.13,151.07
Pseudognaphalium luteoalbum,Asteraceae,native,1983,voucher,long unseen,-34.081667,151.167778
Pseudoraphis paradoxa,Poaceae,native,1989,voucher,long unseen,-34.083056,151.163056
Pteris umbrosa,Pteridaceae,native,1915,voucher,long unseen,-34.166667,151.016667
Pterostylis alveata,Orchidaceae,native,1986,voucher,long unseen,-34.133333,151.066667
Pterostylis obtusa,Orchidaceae,native,1953,voucher,long unseen,-34.166667,151.05
Pultenaea dentata,Fabaceae,native,1976,voucher,long unseen,-34.08,151.17
Pultenaea hispidula,Fabaceae,native,1983,voucher,long unseen,-34.0667,151.0167
Pultenaea polifolia,Fabaceae,native,1921,voucher,long unseen,-34.07,151.07
Rhynchospora brownii,Cyperaceae,native,1975,voucher,long unseen,-34.086063,151.137681
Rorippa gigantea,Brassicaceae,native,1929,voucher,long unseen,-34.07,151.07
Rubus nebulosus,Rosaceae,native,1920,voucher,long unseen,-34.12,151.03
Rumex tenax,Polygonaceae,native,1895,voucher,long unseen,-34.07,151.07
Rytidosperma pallidum,Poaceae,native,1986,voucher,long unseen,-34.1417,151.07
Rytidosperma racemosum,Poaceae,native,1978,voucher,long unseen,-34.2,151.02
Sacciolepis indica,Poaceae,native,1976,voucher,long unseen,-34.08,151.17
Sambucus australasica,Viburnaceae,native,1978,voucher,long unseen,-34.18,151.03
Schizaea dichotoma,Schizaeaceae,native,1973,voucher,long unseen,-34.07,151.07
Schizaea rupestris,Schizaeaceae,native,1986,voucher,long unseen,-34.075184,151.054686
Schoenoplectiella mucronata,Cyperaceae,native,1975,voucher,long unseen,-34.08,151.05
Schoenus maschalinus,Cyperaceae,native,1965,voucher,long unseen,-34.12,151.12
Schoenus nitens,Cyperaceae,native,1983,voucher,long unseen,-34.081667,151.167778
Schoenus villosus,Cyperaceae,native,1973,voucher,long unseen,-34.116667,151.05
Senecio bipinnatisectus,Asteraceae,native,1984,voucher,long unseen,-34.100114,151.049997
Senecio diaschides,Asteraceae,native,1967,voucher,long unseen,-34.07,151.02
Senecio minimus,Asteraceae,native,1966,voucher,long unseen,-34.22,151
Senecio pinnatifolius,Asteraceae,native,1986,voucher,long unseen,-34.1417,151.0667
Senecio prenanthoides,Asteraceae,native,1966,voucher,long unseen,-34.22,151
Senecio vagus,Asteraceae,native,1973,voucher,long unseen,-34.15,151.03
Setaria distans,Poaceae,native,1930,voucher,long unseen,-34.081757,151.084494
Sloanea australis,Elaeocarpaceae,native,1958,voucher,long unseen,-34.116667,151.033333
Sphaeromorphaea australis,Asteraceae,native,1986,voucher,long unseen,-34.1417,151.1167
Sphaeropteris australis,Cyatheaceae,native,1976,voucher,long unseen,-34.22,151
Sporadanthus gracilis,Restionaceae,native,1986,voucher,long unseen,-34.08,151.02
Sporobolus creber,Poaceae,native,1987,voucher,long unseen,-34.07,151.03
Stackhousia monogyna,Celastraceae,native,1891,voucher,long unseen,-34.22,151
Sticherus lobatus,Gleicheniaceae,native,1975,voucher,long unseen,-34.17,151.07
Stolonochloa pygmaea,Poaceae,native,1975,voucher,long unseen,-34.171021,151.052963
Styphelia humifusa,Ericaceae,native,1954,voucher,long unseen,-34.22,151
Styphelia laeta,Ericaceae,native,1957,voucher,long unseen,-34.116667,151.033333
Styphelia longifolia,Ericaceae,native,1933,voucher,long unseen,-34.13,151
Symplocos thwaitesii,Symplocaceae,native,1977,voucher,long unseen,-34.15,151.03
Syzygium australe,Myrtaceae,native,1982,voucher,long unseen,-34.07,151.07
Syzygium oleosum,Myrtaceae,native,1988,voucher,long unseen,-34.193799,151.029179
Tasmannia insipida,Winteraceae,native,1983,voucher,long unseen,-34.15,151.03
Tetratheca ericifolia,Elaeocarpaceae,native,1960,voucher,long unseen,-34.07,151.02
Thelymitra venosa,Orchidaceae,native,1950,voucher,long unseen,-34.115091,151.001162
Trachymene incisa,Araliaceae,native,1934,voucher,long unseen,-34.07,151.07
Triglochin striata,Juncaginaceae,native,1965,voucher,long unseen,-34.12,151.12
Typhonium eliosurum,Araceae,native,1978,voucher,long unseen,-34.2,151.02
Utricularia biloba,Lentibulariaceae,native,1988,voucher,long unseen,-34.086162,151.16423
Vallisneria nana,Hydrocharitaceae,native,1973,voucher,long unseen,-34.083333,151.05
Veronica plebeia,Plantaginaceae,native,1961,voucher,long unseen,-34.07,151.08
Wahlenbergia gracilis,Campanulaceae,native,1971,voucher,long unseen,-34.17,151.07
Wahlenbergia stricta,Campanulaceae,native,1950,voucher,long unseen,-34.1,151.066667
Wilkiea hugeliana,Monimiaceae,native,1986,voucher,long unseen,-34.08,151.05
Zieria compacta,Rutaceae,native,1961,voucher,long unseen,-34.066667,151.016667
Zostera capricorni,Zosteraceae,native,1976,voucher,long unseen,-34.078433,151.10742
Acacia baileyana,Fabaceae,introduced,2020,iNat,new discovery,-34.04951133,151.0531289
Acacia podalyriifolia,Fabaceae,introduced,2020,iNat,new discovery,-34.07313631,151.055415
Adiantum raddianum,Pteridaceae,introduced,2000,voucher,new discovery,-34.21952,151.001105
Agapanthus praecox,Amaryllidaceae,introduced,2022,iNat,new discovery,-34.0886252,151.008713
Ageratina adenophora,Asteraceae,introduced,1994,voucher,new discovery,-34.07,151.07
Ageratum houstonianum,Asteraceae,introduced,2023,iNat,new discovery,-34.08583,151.14415
Aloe maculata,Asphodelaceae,introduced,2021,iNat,new discovery,-34.17273,151.06464
Alstroemeria psittacina,Alstroemeriaceae,introduced,2022,iNat,new discovery,-34.0752,151.056
Andropogon virginicus,Poaceae,introduced,2023,iNat,new discovery,-34.08577638,151.0218022
Araucaria cunninghamii,Araucariaceae,introduced,2022,iNat,new discovery,-34.0777308,151.0552266
Araujia sericifera,Apocynaceae,introduced,2022,iNat,new discovery,-34.17598667,151.0621638
Aristea ecklonii,Iridaceae,introduced,2022,iNat,new discovery,-34.0890055,151.0090167
Arum italicum,Araceae,introduced,2022,iNat,new discovery,-34.08497888,151.0199471
Asclepias curassavica,Apocynaceae,introduced,2021,iNat,new discovery,-34.0898555,151.1528333
Asparagus asparagoides,Asparagaceae,introduced,2020,iNat,new discovery,-34.05007686,151.0530175
Bartlettina sordida,Asteraceae,introduced,2008,iNat,new discovery,-34.09047339,151.1531341
Begonia cucullata,Begoniaceae,introduced,2021,iNat,new discovery,-34.07265833,151.056825
Bidens alba,Asteraceae,introduced,2022,iNat,new discovery,-34.089625,151.1079112
Briza maxima,Poaceae,introduced,2021,iNat,new discovery,-34.0834695,151.1184695
Cabomba caroliniana,Cabombaceae,introduced,1994,voucher,new discovery,-34.08,151.05
Cakile maritima,Brassicaceae,introduced,2021,iNat,new discovery,-34.17395,151.06258
Campsis x tagliabueana,Bignoniaceae,introduced,2023,iNat,new discovery,-34.07360448,151.0562966
Catalpa bignonioides,Bignoniaceae,introduced,2021,iNat,new discovery,-34.08567,151.05603
Centaurium tenuiflorum,Gentianaceae,introduced,2024,iNat,new discovery,-34.1500067,151.0572125
Cestrum nocturnum,Solanaceae,introduced,2018,voucher,new discovery,-34.142178,151.019675
Chlorophytum comosum,Asparagaceae,introduced,2020,iNat,new discovery,-34.07369201,151.0548703
Cirsium vulgare,Asteraceae,introduced,2019,iNat,new discovery,-34.05712329,151.0422049
Colocasia fontanesii,Araceae,introduced,2022,iNat,new discovery,-34.11895,151.04512
Cortaderia selloana,Poaceae,introduced,2021,iNat,new discovery,-34.07143344,151.1022222
Crassula multicava,Crassulaceae,introduced,2020,iNat,new discovery,-34.07618822,151.0560891
Crassula spathulata,Crassulaceae,introduced,2005,voucher,new discovery,-34.18,151.05
Cyclospermum leptophyllum,Apiaceae,introduced,2002,voucher,new discovery,-34.2164,151.0036
Cyperus eragrostis,Cyperaceae,introduced,2022,iNat,new discovery,-34.13809722,151.0010694
Cyperus reflexus,Cyperaceae,introduced,,voucher,new discovery,-34.12,151
Cyrtomium falcatum,Dryopteridaceae,introduced,2018,voucher,new discovery,-34.16969,151.068177
Datura stramonium,Solanaceae,introduced,2024,iNat,new discovery,-34.08219532,151.0556523
Dietes grandiflora,Iridaceae,introduced,2021,iNat,new discovery,-34.08637045,151.1586183
Dietes iridioides,Iridaceae,introduced,2021,iNat,new discovery,-34.08911,151.01213
Dittrichia graveolens,Asteraceae,introduced,2024,iNat,new discovery,-34.138,151.001022
Drosera capensis,Droseraceae,introduced,2011,voucher,new discovery,-34.115038,151.068242
Ensete ventricosum,Musaceae,introduced,2023,iNat,new discovery,-34.084091,151.02037
Eragrostis curvula,Poaceae,introduced,2022,iNat,new discovery,-34.13834384,151.0032083
Erica lusitanica,Ericaceae,introduced,1992,voucher,new discovery,-34.07,151.02
Erigeron karvinskianus,Asteraceae,introduced,2021,iNat,new discovery,-34.07250283,151.0568695
Euphorbia peplus,Euphorbiaceae,introduced,2022,iNat,new discovery,-34.07427342,151.0565224
Euryops chrysanthemoides,Asteraceae,introduced,2024,iNat,new discovery,-34.14747402,151.0222379
Festuca fasciculata,Poaceae,introduced,1994,voucher,new discovery,-34.0844,151.1342
Gladiolus x hortulanus,Iridaceae,introduced,2023,iNat,new discovery,-34.1048305,151.1554555
Gladiolus carneus,Iridaceae,introduced,2021,iNat,new discovery,-34.06341,151.06804
Gomphocarpus physocarpus,Apocynaceae,introduced,2024,iNat,new discovery,-34.18732,151.0413667
Gomphrena celosioides,Amaranthaceae,introduced,2019,voucher,new discovery,-34.063355,151.057601
Gymnocoronis spilanthoides,Asteraceae,introduced,2021,voucher,new discovery,-34.152547,151.028747
Hedychium gardnerianum,Zingiberaceae,introduced,2002,voucher,new discovery,-34.2164,151.0036
Heliotropium amplexicaule,Boraginaceae,introduced,2019,iNat,new discovery,-34.05805588,151.0386963
Herbertia lahue,Iridaceae,introduced,2016,iNat,new discovery,-34.07649994,151.0551453
Holcus lanatus,Poaceae,introduced,2021,iNat,new discovery,-34.167745,151.0724945
Hydrocleys nymphoides,Alismataceae,introduced,2016,voucher,new discovery,-34.07375,151.057213
Ipomoea cairica,Convolvulaceae,introduced,2002,voucher,new discovery,-34.116667,151.116667
Ipomoea indica,Convolvulaceae,introduced,2021,iNat,new discovery,-34.07293617,151.0567945
Juncus dichotomus,Juncaceae,introduced,2022,iNat,new discovery,-34.13712,150.99873
Juncus imbricatus,Juncaceae,introduced,1998,voucher,new discovery,-34.166667,151.05
Kalanchoe x houghtonii,Crassulaceae,introduced,2019,iNat,new discovery,-34.13707425,151.1038512
Kalanchoe delagoensis,Crassulaceae,introduced,2018,iNat,new discovery,-34.08020283,151.1665805
Kniphofia uvaria,Asphodelaceae,introduced,2021,iNat,new discovery,-34.0889039,151.0096238
Lagurus ovatus,Poaceae,introduced,1994,voucher,new discovery,-34.0844,151.1342
Lantana montevidensis,Verbenaceae,introduced,2020,iNat,new discovery,-34.07376311,151.0548626
Leonotis leonurus,Lamiaceae,introduced,2021,iNat,new discovery,-34.18114167,151.0522472
Leontodon saxatilis,Asteraceae,introduced,2022,iNat,new discovery,-34.1218,151.06064
Leucojum aestivum,Amaryllidaceae,introduced,2022,iNat,new discovery,-34.08864167,151.011275
Ligustrum sinense,Oleaceae,introduced,2020,iNat,new discovery,-34.04072322,151.0621487
Linum trigynum,Linaceae,introduced,2002,voucher,new discovery,-34.218343,151.001185
Lonicera japonica,Caprifoliaceae,introduced,2023,iNat,new discovery,-34.085312,151.019806
Lysimachia arvensis,Primulaceae,introduced,2019,iNat,new discovery,-34.05742264,151.0408325
Medicago lupulina,Fabaceae,introduced,2002,voucher,new discovery,-34.218343,151.001185
Medicago polymorpha,Fabaceae,introduced,2002,voucher,new discovery,-34.218343,151.001185
Mentha x piperita,Lamiaceae,introduced,2021,voucher,new discovery,-34.152547,151.028747
Modiola caroliniana,Malvaceae,introduced,2023,iNat,new discovery,-34.07540487,151.0553537
Nandina domestica,Berberidaceae,introduced,2021,iNat,new discovery,-34.04949119,151.0748337
Nephrolepis cordifolia,Nephrolepidaceae,introduced,2020,iNat,new discovery,-34.04841819,151.0670999
Nerium oleander,Apocynaceae,introduced,2008,iNat,new discovery,-34.11813578,151.1378704
Nothoscordum gracile,Amaryllidaceae,introduced,2023,iNat,new discovery,-34.1846391,151.0464865
Nymphaea alba,Nymphaeaceae,introduced,2024,iNat,new discovery,-34.07453237,151.0551211
Ochna serrulata,Ochnaceae,introduced,2020,iNat,new discovery,-34.04171011,151.0639219
Olea europaea,Oleaceae,introduced,2023,iNat,new discovery,-34.074329,151.054794
Oxalis debilis,Oxalidaceae,introduced,2021,iNat,new discovery,-34.08299167,151.1412667
Oxalis incarnata,Oxalidaceae,introduced,2020,iNat,new discovery,-34.114072,151.030799
Parietaria judaica,Urticaceae,introduced,2024,iNat,new discovery,-34.147442,151.022125
Paspalum dilatatum,Poaceae,introduced,2023,iNat,new discovery,-34.18310538,151.0471517
Pelargonium capitatum,Geraniaceae,introduced,2021,iNat,new discovery,-34.08191383,151.1631472
Phytolacca octandra,Phytolaccaceae,introduced,2016,voucher,new discovery,-34.09585,151.152969
Platycerium superbum,Polypodiaceae,introduced,2023,iNat,new discovery,-34.07690804,151.1227391
Plecostachys serpyllifolia,Asteraceae,introduced,2016,voucher,new discovery,-34.0833,151.1594
Pleroma urvilleanum,Melastomataceae,introduced,2024,iNat,new discovery,-34.073841,151.055664
Polycarpon tetraphyllum,Caryophyllaceae,introduced,2023,iNat,new discovery,-34.085659,151.019745
Polygala myrtifolia,Polygalaceae,introduced,2020,voucher,new discovery,-34.0819,151.1697
Pyracantha angustifolia,Rosaceae,introduced,2021,iNat,new discovery,-34.07022422,151.0605482
Ranunculus repens,Ranunculaceae,introduced,2023,iNat,new discovery,-34.0755724,151.0554913
Richardia humistrata,Rubiaceae,introduced,2023,iNat,new discovery,-34.085751,151.019714
Richardia stellaris,Rubiaceae,introduced,2024,iNat,new discovery,-34.15118,151.058975
Romulea rosea,Iridaceae,introduced,2020,iNat,new discovery,-34.14485071,151.1106221
Sagittaria platyphylla,Alismataceae,introduced,2023,iNat,new discovery,-34.08699441,151.0557346
Selaginella kraussiana,Selaginellaceae,introduced,2018,iNat,new discovery,-34.10263333,151.0487362
Senecio glastifolius,Asteraceae,introduced,1991,voucher,new discovery,-34.09137,151.157368
Senecio madagascariensis,Asteraceae,introduced,2019,iNat,new discovery,-34.14528333,151.1087805
Senna septemtrionalis,Fabaceae,introduced,2024,iNat,new discovery,-34.14746192,151.0222714
Sherardia arvensis,Rubiaceae,introduced,2021,iNat,new discovery,-34.14913,151.02994
Sida rhombifolia,Malvaceae,introduced,2024,iNat,new discovery,-34.0769111,151.0383678
Solanum linnaeanum,Solanaceae,introduced,2006,voucher,new discovery,-34.12,151.1
Solanum lycopersicum,Solanaceae,introduced,2022,iNat,new discovery,-34.16945756,151.0687692
Solanum mauritianum,Solanaceae,introduced,2023,iNat,new discovery,-34.07431,151.0546845
Solanum sisymbriifolium,Solanaceae,introduced,2021,iNat,new discovery,-34.07209944,151.059894
Spergularia rubra,Caryophyllaceae,introduced,2005,voucher,new discovery,-34.111812,151.149246
Sprekelia formosissima,Amaryllidaceae,introduced,2023,iNat,new discovery,-34.08473883,151.0200362
Stenotaphrum secundatum,Poaceae,introduced,1994,voucher,new discovery,-34.0844,151.1342
Tagetes minuta,Asteraceae,introduced,2020,iNat,new discovery,-34.08568156,151.0560284
Tephrosia grandiflora,Fabaceae,introduced,1993,voucher,new discovery,-34.088489,151.15734
Trachyandra divaricata,Asphodelaceae,introduced,2021,iNat,new discovery,-34.08182217,151.1621555
Tradescantia fluminensis,Commelinaceae,introduced,2022,iNat,new discovery,-34.0403717,151.058424
Trifolium campestre,Fabaceae,introduced,2002,voucher,new discovery,-34.218343,151.001185
Utricularia subulata,Lentibulariaceae,introduced,2011,voucher,new discovery,-34.1189,151.07
Verbena bonariensis,Verbenaceae,introduced,1995,voucher,new discovery,-34.07,151.07
Verbena incompta,Verbenaceae,introduced,1995,voucher,new discovery,-34.07,151.02
Verbena litoralis,Verbenaceae,introduced,1995,voucher,new discovery,-34.07,151.02
Veronica anagallis-aquatica,Plantaginaceae,introduced,2023,iNat,new discovery,-34.07559101,151.0554951
Vinca major,Apocynaceae,introduced,2020,iNat,new discovery,-34.06993178,151.0590551
Watsonia meriana,Iridaceae,introduced,2021,iNat,new discovery,-34.08376667,151.1394195
Acacia binervia,Fabaceae,native,2021,iNat,new discovery,-34.06269856,151.0571685
Acacia decurrens,Fabaceae,native,2020,iNat,new discovery,-34.16216381,151.0572692
Acacia hispidula,Fabaceae,native,2020,iNat,new discovery,-34.0468645,151.0667024
Acacia mearnsii,Fabaceae,native,2020,iNat,new discovery,-34.13866571,151.1182737
Acianthus pusillus,Orchidaceae,native,2021,iNat,new discovery,-34.14918536,151.0252131
Alocasia brisbanensis,Araceae,native,2023,iNat,new discovery,-34.08915556,151.0121583
Aneilema acuminatum,Commelinaceae,native,2024,iNat,new discovery,-34.14744381,151.0222532
Austrostipa mollis,Poaceae,native,1994,voucher,new discovery,-34.092996,151.157242
Austrostipa ramosissima,Poaceae,native,2021,iNat,new discovery,-34.13845,151.02225
Austrostipa rudis,Poaceae,native,1994,voucher,new discovery,-34.0594,151.0503
Avicennia marina,Acanthaceae,native,2020,iNat,new discovery,-34.08573914,151.1315613
Billardiera mutabilis,Pittosporaceae,native,2020,iNat,new discovery,-34.06395408,151.0611931
Boronia parviflora,Rutaceae,native,2020,iNat,new discovery,-34.09957,151.06336
Bossiaea prostrata,Fabaceae,native,2015,voucher,new discovery,-34.0867,151.030236
Botrychium australe,Ophioglossaceae,native,2023,iNat,new discovery,-34.13939167,151.0237222
Brachychiton acerifolius,Malvaceae,native,2022,iNat,new discovery,-34.0403537,151.0584481
Brachyscome graminea,Asteraceae,native,2020,iNat,new discovery,-34.19232942,151.0375145
Brunoniella pumilio,Acanthaceae,native,2022,iNat,new discovery,-34.0532929,151.0528275
Burchardia umbellata,Colchicaceae,native,1992,voucher,new discovery,-34.08,151.05
Bursaria spinosa,Pittosporaceae,native,2020,iNat,new discovery,-34.06546525,151.0601468
Caladenia alata,Orchidaceae,native,2020,iNat,new discovery,-34.13424299,151.0101506
Caladenia picta,Orchidaceae,native,1998,voucher,new discovery,-34.159535,151.078939
Caladenia transitoria,Orchidaceae,native,2021,iNat,new discovery,-34.07126667,151.0595083
Calamagrostis angustifolia,Poaceae,native,2006,voucher,new discovery,-34.1933,151.0378
Calochilus gracillimus,Orchidaceae,native,2021,iNat,new discovery,-34.05500277,151.0729844
Carpobrotus glaucescens,Aizoaceae,native,2018,iNat,new discovery,-34.12192138,151.135727
Cassytha glabella,Lauraceae,native,2020,iNat,new discovery,-34.15927581,151.0632023
Centrolepis strigosa,Restionaceae,native,2016,voucher,new discovery,-34.09585,151.152969
Cheilanthes sieberi,Pteridaceae,native,2021,iNat,new discovery,-34.14901954,151.0301889
Chiloglottis diphylla,Orchidaceae,native,2006,voucher,new discovery,-34.133333,151
Chiloglottis trapeziformis,Orchidaceae,native,2021,iNat,new discovery,-34.08483038,151.0566917
Comesperma defoliatum,Polygalaceae,native,1994,voucher,new discovery,-34.102403,151.094169
Comesperma sphaerocarpum,Polygalaceae,native,2020,iNat,new discovery,-34.08520694,151.0250176
Crassula decumbens,Crassulaceae,native,2007,voucher,new discovery,-34.075397,151.168411
Crassula peduncularis,Crassulaceae,native,2007,voucher,new discovery,-34.0811,151.1683
Cryptostylis erecta,Orchidaceae,native,2019,iNat,new discovery,-34.1873764,151.0354802
Cryptostylis hunteriana,Orchidaceae,native,2022,iNat,new discovery,-34.089656,151.047624
Cryptostylis leptochila,Orchidaceae,native,2021,iNat,new discovery,-34.0892717,151.0124354
Cryptostylis subulata,Orchidaceae,native,2018,iNat,new discovery,-34.13350274,151.1143469
Cyanthillium cinereum,Asteraceae,native,2021,iNat,new discovery,-34.08186944,151.029875
Cyperus enervis,Cyperaceae,native,1995,voucher,new discovery,-34.2,151.03
Daviesia ulicifolia,Fabaceae,native,2020,iNat,new discovery,-34.05102428,151.0535173
Dendrobium speciosum,Orchidaceae,native,2008,iNat,new discovery,-34.1437466,151.0223936
Dendrophthoe vitellina,Loranthaceae,native,2021,iNat,new discovery,-34.06057783,151.0648638
Dianella congesta,Asphodelaceae,native,2021,iNat,new discovery,-34.16775833,151.0735945
Dipodium roseum,Orchidaceae,native,2020,iNat,new discovery,-34.06539709,151.0567901
Dipodium variegatum,Orchidaceae,native,2014,iNat,new discovery,-34.11843759,151.0636874
Echinopogon ovatus,Poaceae,native,2023,iNat,new discovery,-34.08906667,151.0162195
Elatine gratioloides,Elatinaceae,native,2023,iNat,new discovery,-34.07514528,151.0552817
Eriochilus cucullatus,Orchidaceae,native,2020,iNat,new discovery,-34.13070778,151.056845
Eriochilus petricola,Orchidaceae,native,2023,iNat,new discovery,-34.11557778,151.0587
Eucalyptus agglomerata,Myrtaceae,native,1992,voucher,new discovery,-34.125,151.025
Eucalyptus robusta,Myrtaceae,native,1999,voucher,new discovery,-34.075184,151.054686
Euchiton sphaericus,Asteraceae,native,2023,iNat,new discovery,-34.06786986,151.0577186
Exocarpos cupressiformis,Santalaceae,native,2019,iNat,new discovery,-34.0599556,151.0720825
Genoplesium despectans,Orchidaceae,native,2022,iNat,new discovery,-34.064143,151.057575
Geranium solanderi,Geraniaceae,native,2001,voucher,new discovery,-34.091125,151.152731
Gompholobium inconspicuum,Fabaceae,native,2009,voucher,new discovery,-34.1628,151.0564
Gonocarpus teucrioides,Haloragaceae,native,2005,voucher,new discovery,-34.1411,151.1117
Goodenia hederacea,Goodeniaceae,native,2014,iNat,new discovery,-34.116072,151.029021
Gratiola pedunculata,Plantaginaceae,native,2023,iNat,new discovery,-34.07560711,151.0554477
Hackelia latifolia,Boraginaceae,native,2008,voucher,new discovery,-34.0694,151.0144
Hibbertia stricta,Dilleniaceae,native,2022,iNat,new discovery,-34.1241543,151.0055145
Homalanthus populifolius,Euphorbiaceae,native,2023,iNat,new discovery,-34.20912486,151.0126153
Hydrocotyle hirta,Araliaceae,native,2006,voucher,new discovery,-34.1719,151.0481
Hypericum gramineum,Hypericaceae,native,2020,iNat,new discovery,-34.16113375,151.0582177
Hypoxis hygrometrica,Hypoxidaceae,native,2016,voucher,new discovery,-34.09585,151.152969
Juncus caespiticius,Juncaceae,native,1995,voucher,new discovery,-34.2,151.03
Lagenophora brachyglossa,Asteraceae,native,2022,iNat,new discovery,-34.11887,151.03119
Lagenophora sublyrata,Asteraceae,native,2022,iNat,new discovery,-34.117142,151.031769
Lasiopetalum parviflorum,Malvaceae,native,2004,voucher,new discovery,-34.1669,151.0756
Lateristachys lateralis,Lycopodiaceae,native,2023,iNat,new discovery,-34.15233613,151.015901
Leichhardtia rostrata,Apocynaceae,native,2020,iNat,new discovery,-34.19974744,151.0248856
Leichhardtia suaveolens,Apocynaceae,native,1993,voucher,new discovery,-34.104974,151.114707
Lepidosperma gunnii,Cyperaceae,native,1992,voucher,new discovery,-34.13,151.07
Lepidosperma latens,Cyperaceae,native,2008,voucher,new discovery,-34.133333,151.010833
Lepidosperma prospectum,Cyperaceae,native,2020,voucher,new discovery,-34.07652,151.16767
Lilaeopsis polyantha,Apiaceae,native,2005,voucher,new discovery,-34.131757,151.117827
Ludwigia peploides,Onagraceae,native,2022,iNat,new discovery,-34.07344,151.057091
Macrozamia spiralis,Zamiaceae,native,2003,voucher,new discovery,-34.088611,151.018611
Melaleuca linariifolia,Myrtaceae,native,2015,voucher,new discovery,-34.13868,151.11728
Melaleuca linearifolia,Myrtaceae,native,2017,voucher,new discovery,-34.1,151.12
Melaleuca styphelioides,Myrtaceae,native,2022,iNat,new discovery,-34.0645827,151.0817776
Melicope micrococca,Rutaceae,native,2020,iNat,new discovery,-34.14246583,151.020395
Mentha satureioides,Lamiaceae,native,2002,voucher,new discovery,-34.215559,151.0081
Olearia elliptica,Asteraceae,native,1990,voucher,new discovery,-34.2111,151.0139
Omphacomeria acerba,Santalaceae,native,2020,iNat,new discovery,-34.04390603,151.066689
Opercularia diphylla,Rubiaceae,native,2016,voucher,new discovery,-34.09585,151.152969
Orianthera pusilla,Loganiaceae,native,2023,iNat,new discovery,-34.08149,151.0294917
Oxalis perennans,Oxalidaceae,native,1991,voucher,new discovery,-34.0703,151.0158
Oxalis thompsoniae,Oxalidaceae,native,1991,voucher,new discovery,-34.12,151
Oxylobium cordifolium,Fabaceae,native,2007,voucher,new discovery,-34.0811,151.1683
Pelargonium australe,Geraniaceae,native,2021,iNat,new discovery,-34.17795427,151.059305
Philotheca hispidula,Rutaceae,native,2022,iNat,new discovery,-34.05555972,151.0681925
Philydrum lanuginosum,Philydraceae,native,2024,iNat,new discovery,-34.07407775,151.0538217
Phragmites australis,Poaceae,native,2023,iNat,new discovery,-34.063231,151.06777
Pittosporum undulatum,Pittosporaceae,native,1997,voucher,new discovery,-34.066667,151.05
Platycerium bifurcatum,Polypodiaceae,native,2018,iNat,new discovery,-34.19927597,151.0248718
Poa billardierei,Poaceae,native,2007,voucher,new discovery,-34.1144,151.1411
Polymeria calycina,Convolvulaceae,native,2021,iNat,new discovery,-34.1750717,151.0604879
Pomax umbellata,Rubiaceae,native,2020,iNat,new discovery,-34.15318031,151.0261058
Pseudanthus divaricatissimus,Euphorbiaceae,native,2000,voucher,new discovery,-34.07,151.07
Pteris vittata,Pteridaceae,native,2023,iNat,new discovery,-34.08376948,151.0731446
Pterostylis furva,Orchidaceae,native,1991,voucher,new discovery,-34.133333,151.066667
Pterostylis hispidula,Orchidaceae,native,2022,iNat,new discovery,-34.05591687,151.073566
Pterostylis uliginosa,Orchidaceae,native,2007,voucher,new discovery,-34.115091,151.067828
Pullenia gunnii,Fabaceae,native,2020,iNat,new discovery,-34.15361161,151.0233266
Pultenaea ferruginea,Fabaceae,native,2006,voucher,new discovery,-34.1525,151.059167
Pultenaea flexilis,Fabaceae,native,2021,iNat,new discovery,-34.17038,151.0523083
Pyrorchis nigricans,Orchidaceae,native,2021,iNat,new discovery,-34.08657123,151.1626391
Rubus moluccanus,Rosaceae,native,2020,iNat,new discovery,-34.13291497,151.033876
Rubus parvifolius,Rosaceae,native,2021,iNat,new discovery,-34.14873617,151.0302888
Rytidosperma longifolium,Poaceae,native,2005,voucher,new discovery,-34.15,151.05
Rytidosperma tenuius,Poaceae,native,1994,voucher,new discovery,-34.0594,151.0503
Salicornia quinqueflora,Amaranthaceae,native,2020,iNat,new discovery,-34.08427811,151.1331482
Scleria mackaviensis,Cyperaceae,native,1995,voucher,new discovery,-34.2,151.03
Senecio spathulatus,Asteraceae,native,2006,voucher,new discovery,-34.111812,151.149246
Solanum prinophyllum,Solanaceae,native,2023,iNat,new discovery,-34.08842783,151.0103445
Sonchus megalocarpus,Asteraceae,native,2023,iNat,new discovery,-34.11457208,151.143292
Stackhousia viminea,Celastraceae,native,2020,iNat,new discovery,-34.16319633,151.0780978
Styphelia sieberi,Ericaceae,native,2004,voucher,new discovery,-34.1531,151.0292
Telmatoblechnum indicum,Blechnaceae,native,2023,iNat,new discovery,-34.0866055,151.1434778
Tetragonia tetragonoides,Aizoaceae,native,2021,iNat,new discovery,-34.17248,151.0649112
Tetratheca thymifolia,Elaeocarpaceae,native,2003,voucher,new discovery,-34.1131,151.0622
Teucrium corymbosum,Lamiaceae,native,2021,voucher,new discovery,-34.143753,151.020919
Thelymitra atronitida,Orchidaceae,native,2021,iNat,new discovery,-34.127511,151.057814
Thelymitra fragrans,Orchidaceae,native,2007,voucher,new discovery,-34.1583,151.0667
Thelymitra improcera,Orchidaceae,native,2021,iNat,new discovery,-34.15022799,151.0687998
Utricularia oppositiflora,Lentibulariaceae,native,1992,voucher,new discovery,-34.115049,151.066783
Utricularia speciosa,Lentibulariaceae,native,2011,voucher,new discovery,-34.082333,151.161777
Utricularia uniflora,Lentibulariaceae,native,1991,voucher,new discovery,-34.098424,151.084494
Vincetoxicum barbatum,Apocynaceae,native,2012,iNat,new discovery,-34.2063,151.015
Viola banksii,Violaceae,native,2008,iNat,new discovery,-34.0888228,151.1436627
Viola betonicifolia,Violaceae,native,2022,iNat,new discovery,-34.08197,151.029922
Viola silicestris,Violaceae,native,2012,voucher,new discovery,-34.1394,151.027133
Wahlenbergia littoricola,Campanulaceae,native,2006,voucher,new discovery,-34.207686,151.013131
Wilsonia rotundifolia,Convolvulaceae,native,2001,voucher,new discovery,-34.123423,151.134494
Xanthosia tridentata,Apiaceae,native,2021,iNat,new discovery,-34.07068219,151.0619369
Xyris complanata,Xyridaceae,native,2021,iNat,new discovery,-34.07050556,151.0169722
