name,establishment,year_first_collection,first_collector,source
Bossiaea obcordata,native,1840,"Leichhardt, F.W.L.",voucher
Schizomeria ovata,native,1883,"Hagman, A.",voucher
Senecio vagus,native,1884,"Betche, E.",voucher
Angophora costata,native,1885,"Camfield, J.H.",voucher
Eucalyptus sieberi,native,1885,"Camfield, J.H.",voucher
Lomandra longifolia,native,1885,"Camfield, J.H.",voucher
Symphionema paludosum,native,1886,"Deane, H.",voucher
Daviesia corymbosa,native,1886,,voucher
Grevillea diffusa,native,1886,,voucher
Xanthosia pilosa,native,1887,"Betche, E.",voucher
Bossiaea ensata,native,1887,"Fletcher, J.J.",voucher
Cryptandra ericoides,native,1887,"Fletcher, J.J.",voucher
Epacris pulchella,native,1887,"Fletcher, J.J.",voucher
Hemigenia purpurea,native,1887,"Fletcher, J.J.",voucher
Leptospermum squarrosum,native,1887,"Fletcher, J.J.",voucher
Leucopogon microphyllus,native,1887,"Fletcher, J.J.",voucher
Pseudanthus pimeleoides,native,1887,"Fletcher, J.J.",voucher
Schizaea bifida,native,1887,"Fletcher, J.J.",voucher
Actinotus minor,native,1887,,voucher
Aotus ericoides,native,1887,,voucher
Burnettia cuneata,native,1887,,voucher
Lambertia formosa,native,1887,,voucher
Persoonia lanceolata,native,1887,,voucher
Laxmannia gracilis,native,1888,"Baeuerlen, W.",voucher
Haemodorum corymbosum,native,1888,Bell,voucher
Prostanthera denticulata,native,1888,"Bell, R.",voucher
Aphanopetalum resinosum,native,1888,"Betche, E.",voucher
Senecio linearifolius,native,1888,"Betche, E.",voucher
Solanum vescum,native,1888,"Betche, E.",voucher
Amyema pendula,native,1888,"Deane, H.",voucher
Darwinia fascicularis,native,1888,"Deane, H.",voucher
Gaudium trinervium,native,1888,"Deane, H.",voucher
Grevillea oleoides,native,1888,"Deane, H.",voucher
Pultenaea linophylla,native,1888,"Deane, H.",voucher
Acacia elongata,native,1888,"Fletcher, J.J.",voucher
Alphitonia excelsa,native,1888,"Fletcher, J.J.",voucher
Bauera microphylla,native,1888,"Fletcher, J.J.",voucher
Choretrum candollei,native,1888,"Fletcher, J.J.",voucher
Clematis glycinoides,native,1888,"Fletcher, J.J.",voucher
Dampiera stricta,native,1888,"Fletcher, J.J.",voucher
Eucalyptus luehmanniana,native,1888,"Fletcher, J.J.",voucher
Euphrasia collina,native,1888,"Fletcher, J.J.",voucher
Euryomyrtus ramosissima,native,1888,"Fletcher, J.J.",voucher
Grevillea patulifolia,native,1888,"Fletcher, J.J.",voucher
Hakea salicifolia,native,1888,"Fletcher, J.J.",voucher
Hakea sericea,native,1888,"Fletcher, J.J.",voucher
Hovea linearis,native,1888,"Fletcher, J.J.",voucher
Isopogon anemonifolius,native,1888,"Fletcher, J.J.",voucher
Lasiopetalum ferrugineum,native,1888,"Fletcher, J.J.",voucher
Leionema diosmeum,native,1888,"Fletcher, J.J.",voucher
Libertia paniculata,native,1888,"Fletcher, J.J.",voucher
Melaleuca squarrosa,native,1888,"Fletcher, J.J.",voucher
Olax stricta,native,1888,"Fletcher, J.J.",voucher
Oxalis chnoodes,native,1888,"Fletcher, J.J.",voucher
Ozothamnus diosmifolius,native,1888,"Fletcher, J.J.",voucher
Parsonsia straminea,native,1888,"Fletcher, J.J.",voucher
Passiflora herbertiana,native,1888,"Fletcher, J.J.",voucher
Pelargonium inodorum,native,1888,"Fletcher, J.J.",voucher
Philotheca reichenbachii,native,1888,"Fletcher, J.J.",voucher
Pigea vernonii,native,1888,"Fletcher, J.J.",voucher
Pimelea ligustrina,native,1888,"Fletcher, J.J.",voucher
Pomaderris andromedifolia,native,1888,"Fletcher, J.J.",voucher
Pomaderris discolor,native,1888,"Fletcher, J.J.",voucher
Pomaderris lanigera,native,1888,"Fletcher, J.J.",voucher
Prostanthera incisa,native,1888,"Fletcher, J.J.",voucher
Rhodamnia rubescens,native,1888,"Fletcher, J.J.",voucher
Rorippa gigantea,native,1888,"Fletcher, J.J.",voucher
Sigesbeckia orientalis,native,1888,"Fletcher, J.J.",voucher
Solanum pungetium,native,1888,"Fletcher, J.J.",voucher
Stachys arvensis,introduced,1888,"Fletcher, J.J.",voucher
Styphelia esquamata,native,1888,"Fletcher, J.J.",voucher
Thelionema umbellatum,native,1888,"Fletcher, J.J.",voucher
Viola sieberiana,native,1888,"Fletcher, J.J.",voucher
Planchonella australis,native,1888,"Hagman, A.",voucher
Bossiaea stephensonii,native,1888,"Maiden, J.H.",voucher
Conospermum ellipticum,native,1888,"Maiden, J.H.",voucher
Dillwynia floribunda,native,1888,"Maiden, J.H.",voucher
Empodisma minus,native,1888,"Maiden, J.H.",voucher
Grevillea parviflora,native,1888,"Maiden, J.H.",voucher
Hymenophyllum cupressiforme,native,1888,"Maiden, J.H.",voucher
Logania albiflora,native,1888,"Maiden, J.H.",voucher
Melicytus dentatus,native,1888,"Maiden, J.H.",voucher
Phebalium squamulosum,native,1888,"Maiden, J.H.",voucher
Pultenaea stipularis,native,1888,"Maiden, J.H.",voucher
Sporadanthus gracilis,native,1888,"Maiden, J.H.",voucher
Tetratheca neglecta,native,1888,"Maiden, J.H.",voucher
Acianthus caudatus,native,1888,,voucher
Bulbophyllum shepherdii,native,1888,,voucher
Conospermum longifolium,native,1888,,voucher
Glossodia major,native,1888,,voucher
Prostanthera densa,native,1888,,voucher
Sarcochilus parviflorus,native,1888,,voucher
Tetratheca shiressii,native,1888,,voucher
Thelymitra ixioides,native,1888,,voucher
Tristania neriifolia,native,1888,,voucher
Boronia barkeriana,native,1889,"Bell, M.",voucher
Boronia floribunda,native,1889,"Bell, M.",voucher
Lobelia gibbosa,native,1889,"Bell, M.",voucher
Austrostipa pubescens,native,1889,"Betche, E.",voucher
Epacris microphylla,native,1889,"Betche, E.",voucher
Hakea propinqua,native,1889,"Betche, E.",voucher
Muehlenbeckia gracillima,native,1889,"Betche, E.",voucher
Rhytidosporum procumbens,native,1889,"Betche, E.",voucher
Solanum stelligerum,native,1889,"Betche, E.",voucher
Styphelia angustifolia,native,1889,"Betche, E.",voucher
Baeckea imbricata,native,1889,"Fletcher, J.J.",voucher
Epacris purpurascens,native,1889,"Fletcher, J.J.",voucher
Styphelia setigera,native,1889,"Fletcher, J.J.",voucher
Wilkiea hugeliana,native,1889,"Hagman, A.",voucher
Hibiscus richardsonii,native,1890,", G.B.",voucher
Amperea xiphoclada,native,1890,"Baker, R.T.",voucher
Bossiaea heterophylla,native,1890,"Baker, R.T.",voucher
Galinsoga parviflora,native,1890,"Baker, R.T.",voucher
Breynia oblongifolia,native,1890,Bell,voucher
Acacia binervata,native,1890,"Betche, E.",voucher
Lasiopetalum rufum,native,1890,"Betche, E.",voucher
Passiflora edulis,introduced,1890,"Betche, E.",voucher
Persoonia linearis,native,1890,"Betche, E.",voucher
Lobelia andrewsii,native,1890,"Betcher, E.",voucher
Acacia longifolia,native,1890,"Fletcher, J.J.",voucher
Microsorum scandens,native,1890,"Martin, J.",voucher
Leptospermum arachnoides,native,1890,Woolls,voucher
Acacia floribunda,native,1890,,voucher
Chiloglottis formicifera,native,1890,,voucher
Dendrobium striolatum,native,1890,,voucher
Coopernookia barbata,native,1891,"Fletcher, J.J.",voucher
Clerodendrum tomentosum,native,1891,"Maiden, J.H.",voucher
Eucalyptus squamosa,native,1891,"Maiden, J.H.",voucher
Hedycarya angustifolia,native,1891,"Maiden, J.H.",voucher
Stackhousia monogyna,native,1891,"Maiden, J.H.",voucher
Tasmannia insipida,native,1891,"Maiden, J.H.",voucher
Tristaniopsis laurina,native,1891,"Maiden, J.H.",voucher
Hovea longifolia,native,1891,,voucher
Caustis recurvata,native,1892,"Forrest, J.H.",voucher
Daviesia alata,native,1892,"Forrest, J.H.",voucher
Goodenia bellidifolia,native,1892,"Forrest, J.H.",voucher
Grevillea sphacelata,native,1892,"Forrest, J.H.",voucher
Philotheca salsolifolia,native,1892,"Forrest, J.H.",voucher
Prasophyllum elatum,native,1892,"Forrest, J.H.",voucher
Sphaerolobium minus,native,1892,"Forrest, J.H.",voucher
Viminaria juncea,native,1892,"Forrest, J.H.",voucher
Pterostylis nutans,native,1892,,voucher
Coronidium rutidolepis,native,1893,"Betche, E.",voucher
Cycnogeton rheophilum,native,1893,"Betche, E.",voucher
Juncus vaginatus,native,1893,"Betche, E.",voucher
Patersonia glabrata,native,1893,"Betche, E.",voucher
Goodenia dimorpha,native,1893,"Camfield, J.H.",voucher
Hakea gibbosa,native,1893,"Camfield, J.H.",voucher
Lycopodium deuterodensum,native,1893,"Camfield, J.H.",voucher
Pultenaea tuberculata,native,1893,"Camfield, J.H.",voucher
Schelhammera undulata,native,1893,"Camfield, J.H.",voucher
Sticherus flabellatus,native,1893,"Camfield, J.H.",voucher
Synoum glandulosum,native,1893,"Camfield, J.H.",voucher
Grevillea sericea,native,1893,Clarke,voucher
Commersonia dasyphylla,native,1893,"Clarke, J.M.",voucher
Carex appressa,native,1893,"Maiden, J.H.",voucher
Polyosma cunninghamii,native,1893,"Maiden, J.H.",voucher
Pultenaea blakelyi,native,1893,"Maiden, J.H.",voucher
Carex pumila,native,1893,,voucher
Dillwynia sericea,native,1893,,voucher
Liparis reflexa,native,1893,,voucher
Myoporum acuminatum,native,1893,,voucher
Oplismenus hirtellus,native,1893,,voucher
Philotheca scabra,native,1893,,voucher
Psychotria loniceroides,native,1893,,voucher
Cyperus trinervis,native,1894,"Betche, E.",voucher
Boronia ledifolia,native,1894,"Camfield, J.H.",voucher
Juncus prismatocarpus,native,1894,"Camfield, J.H.",voucher
Persicaria decipiens,native,1894,"Camfield, J.H.",voucher
Prunella vulgaris,introduced,1894,"Camfield, J.H.",voucher
Lobelia simplicicaulis,native,1894,Froggatt,voucher
Conospermum tenuifolium,native,1894,,voucher
Dendrobium linguiforme,native,1894,,voucher
Prasophyllum patens,native,1894,,voucher
Rumex tenax,native,1895,Bell,voucher
Adiantum silvaticum,native,1895,"Betche, E.",voucher
Cassytha melantha,native,1895,"Betche, E.",voucher
Eucalyptus burgessiana,native,1895,"Betche, E.",voucher
Lepidosperma concavum,native,1895,"Betche, E.",voucher
Persicaria prostrata ,native,1895,"Betche, E.",voucher
Pseudognaphalium luteoalbum,native,1895,"Betche, E.",voucher
Cassytha pubescens,native,1895,"Camfield, J.H.",voucher
Cyathea australis,native,1895,"Camfield, J.H.",voucher
Gahnia clarkei,native,1895,"Camfield, J.H.",voucher
Gahnia melanocarpa,native,1895,"Camfield, J.H.",voucher
Gahnia subaequiglumis,native,1895,"Camfield, J.H.",voucher
Haemodorum planifolium,native,1895,"Camfield, J.H.",voucher
Lomandra fluviatilis,native,1895,"Camfield, J.H.",voucher
Pomaderris ligustrina,native,1895,"Camfield, J.H.",voucher
Schizaea rupestris,native,1895,"Camfield, J.H.",voucher
Gaudium parvifolium,native,1895,"Forsyth, W.",voucher
Corybas fimbriatus,native,1895,,voucher
Adiantum formosum,native,1896,"Baker, R.T.",voucher
Lomandra obliqua,native,1896,"Baumann, M.",voucher
Lomandra multiflora,native,1896,"Boorman, J.L.",voucher
Caesia parviflora,native,1896,Bowman,voucher
Ceratopetalum apetalum,native,1896,"Camfield, J.H.",voucher
Corymbia gummifera,native,1896,"Camfield, J.H.",voucher
Gahnia erythrocarpa,native,1896,"Camfield, J.H.",voucher
Gleichenia dicarpa,native,1896,"Camfield, J.H.",voucher
Juncus continuus,native,1896,"Camfield, J.H.",voucher
Leptospermum polygalifolium,native,1896,"Camfield, J.H.",voucher
Micrantheum ericoides,native,1896,"Camfield, J.H.",voucher
Pomaderris elliptica,native,1896,"Camfield, J.H.",voucher
Prostanthera linearis,native,1896,"Camfield, J.H.",voucher
Xanthorrhoea arborea,native,1896,"Camfield, J.H.",voucher
Carex brunnea,native,1896,"Lucas, A.H.S.",voucher
Pomaderris intermedia,native,1896,"Maiden, J.H.",voucher
Grevillea speciosa,native,1896,"Menzel, O.E.",voucher
Stylidium graminifolium,native,1896,"Menzel, O.E.",voucher
Bauera rubioides,native,1896,"Morrison, A.",voucher
Caustis flexuosa,native,1896,"Morrison, A.",voucher
Chordifex dimorphus,native,1896,"Morrison, A.",voucher
Conospermum taxifolium,native,1896,"Morrison, A.",voucher
Coronidium scorpioides,native,1896,"Morrison, A.",voucher
Crowea saligna,native,1896,"Morrison, A.",voucher
Dampiera purpurea,native,1896,"Morrison, A.",voucher
Dillwynia retorta,native,1896,"Morrison, A.",voucher
Doryanthes excelsa,native,1896,"Morrison, A.",voucher
Grevillea buxifolia,native,1896,"Morrison, A.",voucher
Hakea dactyloides,native,1896,"Morrison, A.",voucher
Kunzea capitata,native,1896,"Morrison, A.",voucher
Leucopogon amplexicaulis,native,1896,"Morrison, A.",voucher
Lomandra gracilis,native,1896,"Morrison, A.",voucher
Mirbelia rubiifolia,native,1896,"Morrison, A.",voucher
Petrophile pulchella,native,1896,"Morrison, A.",voucher
Platysace linearifolia,native,1896,"Morrison, A.",voucher
Ptilothrix deusta,native,1896,"Morrison, A.",voucher
Pultenaea daphnoides,native,1896,"Morrison, A.",voucher
Scaevola ramosissima,native,1896,"Morrison, A.",voucher
Woollsia pungens,native,1896,"Morrison, A.",voucher
Allocasuarina littoralis,native,1896,,voucher
Baeckea linifolia,native,1896,,voucher
Cassinia aculeata,native,1896,,voucher
Leptomeria acida,native,1896,,voucher
Acacia maidenii,native,1897,"Cambage, R.H.",voucher
Acacia irrorata,native,1897,"Camfield, J.H.",voucher
Ajuga australis,native,1897,"Camfield, J.H.",voucher
Blechnum ambiguum,native,1897,"Camfield, J.H.",voucher
Claoxylon australe,native,1897,"Camfield, J.H.",voucher
Eucalyptus botryoides,native,1897,"Camfield, J.H.",voucher
Eucalyptus haemastoma,native,1897,"Camfield, J.H.",voucher
Eucalyptus pilularis,native,1897,"Camfield, J.H.",voucher
Eucalyptus piperita,native,1897,"Camfield, J.H.",voucher
Goodenia ovata,native,1897,"Camfield, J.H.",voucher
Gymnostachys anceps,native,1897,"Camfield, J.H.",voucher
Lastreopsis decomposita,native,1897,"Camfield, J.H.",voucher
Lepyrodia scariosa,native,1897,"Camfield, J.H.",voucher
Machaerina acuta,native,1897,"Camfield, J.H.",voucher
Machaerina rubiginosa,native,1897,"Camfield, J.H.",voucher
Parapolystichum microsorum,native,1897,"Camfield, J.H.",voucher
Persicaria strigosa,native,1897,"Camfield, J.H.",voucher
Pittosporum revolutum,native,1897,"Camfield, J.H.",voucher
Podocarpus spinulosus,native,1897,"Camfield, J.H.",voucher
Podolepis jaceoides,native,1897,"Camfield, J.H.",voucher
Pteris umbrosa,native,1897,"Camfield, J.H.",voucher
Rubus nebulosus,native,1897,"Camfield, J.H.",voucher
Smilax australis,native,1897,"Camfield, J.H.",voucher
Stephania japonica,native,1897,"Camfield, J.H.",voucher
Todea barbara,native,1897,"Camfield, J.H.",voucher
Calochilus paludosus,native,1897,,voucher
Persoonia pinifolia,native,1897,,voucher
Banksia spinulosa,native,1898,"Camfield, J.H.",voucher
Callitris rhomboidea,native,1898,"Camfield, J.H.",voucher
Leptospermum morrisonii,native,1898,"Camfield, J.H.",voucher
Mirbelia speciosa,native,1898,"Camfield, J.H.",voucher
Phyllota phylicoides,native,1898,"Camfield, J.H.",voucher
Wahlenbergia gracilis,native,1898,"Camfield, J.H.",voucher
Coronidium elatum,native,1898,"Cheel, E.",voucher
Grevillea mucronulata,native,1898,"Cheel, E.",voucher
Sprengelia incarnata,native,1898,"Cheel, E.",voucher
Syzygium oleosum,native,1898,"Cheel, E.",voucher
Grevillea longifolia,native,1898,"Hamilton, A.A.",voucher
Persoonia hirsuta,native,1898,"Hamilton, A.A.",voucher
Glossodia minor,native,1898,,voucher
Santalum obtusifolium,native,1898,,voucher
Jacksonia scoparia,native,1899,"Boorman, J.L.",voucher
Leichhardtia flavescens,native,1899,"Boorman, J.L.",voucher
Lomandra brevis,native,1899,"Boorman, J.L.",voucher
Passiflora subpeltata,introduced,1899,"Boorman, J.L.",voucher
Lepidosperma filiforme,native,1899,"Camfield, J.H.",voucher
Polyscias murrayi,native,1899,"Camfield, J.H.",voucher
Polystichum australiense,native,1899,"Camfield, J.H.",voucher
Sambucus australasica,native,1899,"Camfield, J.H.",voucher
Xyris bracteata,native,1899,"Camfield, J.H.",voucher
Cryptocarya glaucescens,native,1899,"Cheel, E.",voucher
Cyperus laevis,native,1899,"Cheel, E.",voucher
Cyperus sanguinolentus,native,1899,"Cheel, E.",voucher
Duboisia myoporoides,native,1899,"Cheel, E.",voucher
Hydrocotyle geraniifolia,native,1899,"Cheel, E.",voucher
Lepidium pseudotasmanicum,native,1899,"Cheel, E.",voucher
Leptospermum grandifolium,native,1899,"Cheel, E.",voucher
Lobelia purpurascens,native,1899,"Cheel, E.",voucher
Pennantia cunninghamii,native,1899,"Cheel, E.",voucher
Scolopia braunii,native,1899,"Cheel, E.",voucher
Acianthus fornicatus,native,1899,"Cleland, J.B.",voucher
Telopea speciosissima,native,1899,"Maiden, J.H.",voucher
Netrostylis capillaris,native,1900,"Boorman, J.L.",voucher
Tricostularia pauciflora,native,1900,"Boorman, J.L.",voucher
Banksia robur,native,1900,"Maiden, J.H.",voucher
Cyanothamnus rigens,native,1901,"Cheel, E.",voucher
Melaleuca thymifolia,native,1901,"Cheel, E.",voucher
Acacia stricta,native,1901,"Helms, R.",voucher
Dodonaea triquetra,native,1901,"Hynes, S.",voucher
Celtis paniculata,native,1902,"Boorman, J.L.",voucher
Dracophyllum secundum,native,1902,"Boorman, J.L.",voucher
Ficus henneana,native,1902,"Boorman, J.L.",voucher
Hemarthria uncinata,native,1902,"Boorman, J.L.",voucher
Dianella revoluta,native,1902,"Camfield, J.H.",voucher
Dendrobium teretifolium,native,1902,,voucher
Erythrorchis cassythoides,native,1902,,voucher
Eucalyptus racemosa,native,1903,"Cambage, R.H.",voucher
Kunzea ambigua,native,1903,"Cambage, R.H.",voucher
Stenocarpus salignus,native,1904,"Cambage, R.H.",voucher
Pigea monopetala,native,1904,"Carne, W.M.",voucher
Amyema congener,native,1904,"Trescott, J.F.",voucher
Kennedia prostrata,native,1904,,voucher
Adiantum hispidulum,native,1905,"Boorman, J.L.",voucher
Asplenium flabellifolium,native,1905,"Boorman, J.L.",voucher
Blechnum nudum,native,1905,"Boorman, J.L.",voucher
Blechnum patersonii,native,1905,"Boorman, J.L.",voucher
Callitris muelleri,native,1905,"Boorman, J.L.",voucher
Dictymia brownii,native,1905,"Boorman, J.L.",voucher
Doodia aspera,native,1905,"Boorman, J.L.",voucher
Oceaniopteris cartilaginea,native,1905,"Boorman, J.L.",voucher
Palmeria racemosa,native,1905,"Boorman, J.L.",voucher
Pellaea falcata,native,1905,"Boorman, J.L.",voucher
Pyrrosia rupestris,native,1905,"Boorman, J.L.",voucher
Styphelia tubiflora,native,1905,"Boorman, J.L.",voucher
Eucalyptus paniculata,native,1905,"Cambage, R.H.",voucher
Ficus rubiginosa,native,1905,"Cambage, R.H.",voucher
Angophora hispida,native,1905,"Carne, W.M.",voucher
Banksia ericifolia,native,1905,"Carne, W.M.",voucher
Chloanthes stoechadis,native,1905,"Carne, W.M.",voucher
Platysace ericoides,native,1905,"Carne, W.M.",voucher
Allocasuarina verticillata,native,1905,"Maiden, J.H.",voucher
Isolepis fluitans,native,1905,"Maiden, J.H.",voucher
Brachyloma daphnoides,native,1905,,voucher
Sloanea australis,native,1906,"Cambage, R.H.",voucher
Caustis pentandra,native,1906,"Maiden, J.H.",voucher
Chordifex fastigiatus,native,1906,"Maiden, J.H.",voucher
Eucalyptus globoidea,native,1906,"Maiden, J.H.",voucher
Eucalyptus oblonga,native,1906,"Maiden, J.H.",voucher
Gompholobium glabratum,native,1906,"Maiden, J.H.",voucher
Ozothamnus adnatus,native,1906,"Maiden, J.H.",voucher
Gynochthodes jasminoides,native,1908,"Cambage, R.H.",voucher
Boronia serrulata,native,1908,Clark,voucher
Dodonaea camfieldii,native,1908,"Hamilton, A.A.",voucher
Isolepis cernua,native,1909,"Hamilton, A.A.",voucher
Glycine clandestina,native,1910,"Cleland, J.B.",voucher
Pseuderanthemum variabile,native,1910,"Cleland, J.B.",voucher
Calomeria amaranthoides ,native,1910,"Farnell, A.",voucher
Entolasia stricta,native,1911,"Cleland, J.B.",voucher
Carex breviculmis,native,1911,"Hamilton, A.A.",voucher
Psoralea pinnata,introduced,1913,"Shambler, C.",voucher
Acacia suaveolens,native,1914,"Hamilton, A.A.",voucher
Goodenia caroliniana,native,1914,"Hamilton, A.A.",voucher
Smilax glyciphylla,native,1914,"Hamilton, A.A.",voucher
Acacia echinula,native,1914,"Maiden, J.H.",voucher
Acacia myrtifolia,native,1914,"Maiden, J.H.",voucher
Epacris obtusifolia,native,1914,"Maiden, J.H.",voucher
Eucalyptus stricta,native,1914,"Maiden, J.H.",voucher
Leptospermum juniperinum,native,1914,"Maiden, J.H.",voucher
Melaleuca citrina,native,1914,"Maiden, J.H.",voucher
Persoonia levis,native,1914,,voucher
Bossiaea rhombifolia,native,1915,"Hamilton, A.A.",voucher
Cyathochaeta diandra,native,1915,"Hamilton, A.A.",voucher
Pomaderris ledifolia,native,1915,"Hamilton, A.A.",voucher
Zieria pilosa,native,1915,"Latter, L.",voucher
Toona ciliata,native,1915,"Lucas, A.H.S.",voucher
Imperata cylindrica,native,1915,"Rupp, H.M.R.",voucher
Sarcopetalum harveyanum,native,1915,"Rupp, H.M.R.",voucher
Acacia linifolia,native,1915,,voucher
Eucalyptus camfieldii,native,1916,"Cambage, R.H.",voucher
Bacopa monnieri,native,1916,"Hamilton, A.A.",voucher
Plantago hispida,native,1916,"Hamilton, A.A.",voucher
Hardenbergia violacea,native,1917,"Cleland, J.B.",voucher
Darwinia diminuta,native,1917,"Hamilton, A.A.",voucher
Eucalyptus punctata,native,1918,"Souef, Le",voucher
Acacia parramattensis,native,1920,"Clarke, G.H.",voucher
Pultenaea polifolia,native,1920,"Welch, M.B.",voucher
Acacia brownii,native,1921,Anderson,voucher
Acacia ulicifolia,native,1921,Anderson,voucher
Pultenaea hispidula,native,1921,Anderson,voucher
Styphelia triflora,native,1921,"Anderson, R.H.",voucher
Baeckea diosmifolia,native,1921,"Hamilton, A.A.",voucher
Melaleuca linearis,native,1921,"Hamilton, A.A.",voucher
Monotoca scoparia,native,1921,"Hamilton, A.A.",voucher
Persoonia laurina,native,1921,"Hamilton, A.A.",voucher
Styphelia humifusa,native,1921,"Hamilton, A.A.",voucher
Syncarpia glomulifera,native,1921,"Hamilton, A.A.",voucher
Selaginella uliginosa,native,1921,"Harrison, T.H.",voucher
Gahnia aspera,native,1921,"Welch, M.B.",voucher
Caladenia catenata,native,1921,,voucher
Calochilus robertsonii,native,1921,,voucher
Genoplesium filiforme,native,1921,,voucher
Genoplesium fimbriatum,native,1921,,voucher
Notothixos subaureus,native,1921,,voucher
Silene gallica,introduced,1922,"Blakely, W.F.",voucher
Myrsine variabilis,native,1922,"Welch, B.",voucher
Micromyrtus ciliata,native,1923,"Cheel, E.",voucher
Abrophyllum ornans,native,1924,"Cannon, D.",voucher
Pultenaea retusa,native,1924,"Cannon, D.",voucher
Schoenus ericetorum,native,1924,"Cannon, D.",voucher
Apocissus antarctica,native,1924,"Cheel, E.",voucher
Calytrix tetragona,native,1924,"Cheel, E.",voucher
Indigofera australis,native,1924,"Evans, O.D.",voucher
Leionema dentatum,native,1924,"Evans, O.D.",voucher
Leucopogon affinis,native,1924,"Evans, O.D.",voucher
Urtica incisa,native,1924,"Evans, O.D.",voucher
Viola hederacea,native,1924,"Evans, O.D.",voucher
Plectorrhiza beckleri,native,1924,"Scammell, G.V.",voucher
Rubus rosifolius,native,1924,"Stuart, J.",voucher
Eriostemon australasius,native,1924,"Welch, M.B.",voucher
Caleana major,native,1924,,voucher
Crassula sieberiana,native,1924,,voucher
Pterostylis grandiflora,native,1924,,voucher
Eucalyptus tereticornis,native,1925,"Cheel, E.",voucher
Entolasia marginata,native,1925,"Evans, O.D.",voucher
Acacia longissima,native,1926,"Fuller, M.",voucher
Comesperma ericinum,native,1926,"Fuller, M.",voucher
Pterostylis longifolia,native,1926,"Fuller, M.",voucher
Corybas pruinosus,native,1926,,voucher
Poa tenera,native,1927,"Black, R.A.",voucher
Schoenus villosus,native,1927,"Evans, O.D.",voucher
Acacia terminalis,native,1927,"Fuller, M.",voucher
Asplenium polyodon,native,1927,"Fuller, M.",voucher
Banksia marginata,native,1927,"Fuller, M.",voucher
Histiopteris incisa,native,1927,"Fuller, M.",voucher
Polystichum proliferum,native,1927,"Fuller, M.",voucher
Poranthera corymbosa,native,1927,"Fuller, M.",voucher
Hakea laevipes,native,1927,"Morris, A.",voucher
Lomatia myricoides,native,1927,"White, C.T.",voucher
Bulbophyllum exiguum,native,1927,,voucher
Corybas aconitiflorus,native,1927,,voucher
Corybas unguiculatus,native,1927,,voucher
Genoplesium nudiscapum,native,1927,,voucher
Genoplesium pumilum,native,1927,,voucher
Pterostylis acuminata,native,1927,,voucher
Allocasuarina distyla,native,1928,"Black, R.A.",voucher
Eragrostis cilianensis,introduced,1928,"Black, R.A.",voucher
Eragrostis trachycarpa,native,1928,"Black, R.A.",voucher
Muellerina eucalyptoides,native,1928,"Black, R.A.",voucher
Setaria parviflora,introduced,1928,"Black, R.A.",voucher
Eucalyptus capitellata,native,1928,"Brough, P.",voucher
Deeringia amaranthoides,native,1928,"Neely, T.H.",voucher
Thelymitra carnea,native,1928,"Scammell, G.W.",voucher
Muellerina celastroides,native,1928,"Thorpe, K.",voucher
Poa affinis,native,1929,"Cheel, E.",voucher
Myriophyllum variifolium,native,1929,"Evans, O.D.",voucher
Platysace lanceolata,native,1929,"Evans, O.D.",voucher
Callicoma serratifolia,native,1929,"Meebold, A.",voucher
Pterostylis daintreana,native,1929,"Scammell, G.",voucher
Digitaria parviflora,native,1929,"Vickery, G.B.",voucher
Cheilanthes distans,native,1929,"Vickery, J.W.",voucher
Drosera auriculata,native,1929,,voucher
Gastrodia sesamoides,native,1929,,voucher
Acronychia oblongifolia,native,1930,"Evans, O.D.",voucher
Doryphora sassafras,native,1930,"Fraser, L.R.",voucher
Harmogia densifolia,native,1930,"Rodway, F.A.",voucher
Echinochloa crus-galli,introduced,1930,"Vickery, J.",voucher
Setaria distans,native,1930,"Vickery, J.",voucher
Eragrostis brownii,native,1930,"Vickery, J.W.",voucher
Cryptandra amara,native,1931,"Hubbard, C.E.",voucher
Panicum simile,native,1931,"Vickery, J.",voucher
Eupomatia laurina,native,1932,"Mcluckie, J.",voucher
Cyperus mirus,native,1932,"Rodway, F.A.",voucher
Correa reflexa,native,1932,"White, C.T.",voucher
Epacris longiflora,native,1932,"White, C.T.",voucher
Hibbertia dentata,native,1932,"White, C.T.",voucher
Isopogon anethifolius,native,1932,"White, C.T.",voucher
Styphelia ericoides,native,1932,"White, C.T.",voucher
Zieria smithii,native,1932,"White, N.H.",voucher
Elaeodendron australe,native,1933,"Fraser, L.R.",voucher
Stenanthera pinifolia,native,1933,"Rodway, F.A.",voucher
Styphelia longifolia,native,1933,"Rodway, F.A.",voucher
Styphelia viridis,native,1933,"Rodway, F.A.",voucher
Trochocarpa laurina,native,1933,"Rodway, F.A.",voucher
Goodenia heterophylla,native,1933,"Rodway, G.",voucher
Actinotus helianthi,native,1933,"Rodway, G.L.",voucher
Aegiceras corniculatum,native,1933,"Rodway, G.L.",voucher
Banksia oblongifolia,native,1933,"Rodway, G.L.",voucher
Gleichenia rupestris,native,1933,"Rodway, G.L.",voucher
Hakea teretifolia,native,1933,"Rodway, G.L.",voucher
Lindsaea microphylla,native,1933,"Rodway, G.L.",voucher
Phyllanthus hirtellus,native,1933,"Rodway, G.L.",voucher
Pimelea linifolia,native,1933,"Rodway, G.L.",voucher
Poranthera ericifolia,native,1933,"Rodway, G.L.",voucher
Ricinocarpos pinifolius,native,1933,"Rodway, G.L.",voucher
Coronidium gunnianum,native,1933,"Rodway, N.J.",voucher
Plinthanthesis paradoxa,native,1933,"Vickery, J.W.",voucher
Arthropteris tenella,native,1933,"White, N.H.",voucher
Notogrammitis billardierei,native,1933,"White, N.H.",voucher
Philotheca buxifolia,native,1933,"White, N.H.",voucher
Acianthus exsertus,native,1933,,voucher
Asplenium australasicum,native,1934,"Beadle, N.C.W.",voucher
Davallia solida,native,1934,"Beadle, N.C.W.",voucher
Darwinia grandiflora,native,1934,"Fraser, L.R.",voucher
Trachymene incisa,native,1934,"Rodway, F.A.",voucher
Tricoryne simplex,native,1934,"Rodway, G.L.",voucher
Boronia thujona,native,1935,"Cheel, E.",voucher
Clematis aristata,native,1935,"Dive, M.",voucher
Melaleuca hypericifolia,native,1936,"Anderson, R.H.",voucher
Poa poiformis,native,1936,"Blakely, W.F.",voucher
Caladenia carnea,native,1936,"Day, M.F.",voucher
Apium prostratum,native,1936,"Mauritzon, J.",voucher
Blandfordia nobilis,native,1936,"Mauritzon, J.",voucher
Cenchrus clandestinus,introduced,1937,"Hanson, C.",voucher
Stylidium lineare,native,1937,"Ingram, C.K.",voucher
Hibbertia nitida,native,1937,"Ingram, K.C.",voucher
Phyllota grandiflora,native,1938,"Blakely, W.F.",voucher
Dillwynia glaberrima,native,1938,,voucher
Acacia falcata,native,1939,"Ingram, C.K.",voucher
Stylidium laricifolium,native,1939,"Ingram, C.K.",voucher
Austromyrtus tenuifolia,native,1940,"Jacobs, E.G.",voucher
Calochlaena dubia,native,1941,"Tindale, M.D.",voucher
Pomaderris ferruginea,native,1942,"Gilbert, L.A.J.",voucher
Bertya pomaderroides,native,1942,"Jacobs, S.W.L.",voucher
Mitrasacme polymorpha,native,1942,"Mcbarron, E.J.",voucher
Dennstaedtia davallioides,native,1942,"Tindale, M.D.",voucher
Microsorum pustulatum,native,1942,"Tindale, M.D.",voucher
Doodia caudata,native,1943,"Tindale, M.D.",voucher
Pteris tremula,native,1943,"Tindale, M.D.",voucher
Lomatia silaifolia,native,1943,,voucher
Pterostylis curta,native,1945,"Dockrill, A.W.",voucher
Caladenia tessellata,native,1945,"Rupp, H.M.",voucher
Microtis parviflora,native,1946,"Dockrill, A.W.",voucher
Microtis rara,native,1946,"Dockrill, A.W.",voucher
Pterostylis concinna,native,1946,"Dockrill, A.W.",voucher
Pterostylis pedunculata,native,1946,"Dockrill, A.W.",voucher
Geranium potentilloides,native,1946,"Gilbert, L.A.J.",voucher
Pterostylis pedoglossa,native,1946,"Gilbert, P.A.",voucher
Eucalyptus consideniana,native,1946,"Johnson, L.A.S.",voucher
Psilotum nudum,native,1946,"Johnson, L.A.S.",voucher
Thysanotus juncifolius,native,1946,"Johnson, L.A.S.",voucher
Thysanotus virgatus,native,1946,"Johnson, L.A.S.",voucher
Backhousia myrtifolia,native,1946,"Tindale, M.D.",voucher
Boronia pinnata,native,1946,"Tindale, M.D.",voucher
Pteridium esculentum,native,1946,"Tindale, M.D.",voucher
Stellaria flaccida,native,1946,"Tindale, M.D.",voucher
Dipodium punctatum,native,1946,,voucher
Genoplesium densum,native,1946,,voucher
Orthoceras strictum,native,1946,,voucher
Caladenia fuscata,native,1947,"Dockrill, A.W.",voucher
Ipomoea pes-caprae,native,1947,"Evans, O.D.",voucher
Oxalis corniculata,introduced,1947,"Gilbert, L.A.J.",voucher
Samolus repens,native,1947,"Gilbert, L.A.J.",voucher
Thysanotus tuberosus,native,1947,"Gilbert, L.A.J.",voucher
Triglochin striata,native,1947,"Gilbert, L.A.J.",voucher
Wollastonia uniflora,native,1947,"Gilbert, L.A.J.",voucher
Diospyros australis,native,1947,"Johnson, L.A.S.",voucher
Diploglottis australis,native,1947,"Johnson, L.A.S.",voucher
Gonocarpus micranthus,native,1947,"Johnson, L.A.S.",voucher
Guioa semiglauca,native,1947,"Johnson, L.A.S.",voucher
Malaisia scandens,native,1947,"Johnson, L.A.S.",voucher
Grevillea capitellata,native,1947,"Miller, A.",voucher
Dendrobium tetragonum,native,1947,,voucher
Drosera pygmaea,native,1947,,voucher
Pterostylis parviflora,native,1947,,voucher
Thelymitra peniculata,native,1947,,voucher
Acacia fimbriata,native,1948,"Constable, E.F.",voucher
Ageratina riparia,introduced,1948,"Constable, E.F.",voucher
Corybas hispidus,native,1948,"Dockrill, A.W.",voucher
Genoplesium baueri,native,1948,"Dockrill, A.W.",voucher
Prostanthera violacea,native,1948,"Harley, P.",voucher
Eucalyptus resinifera,native,1948,"Johnson, L.A.S.",voucher
Lindsaea linearis,native,1948,"Miller, A.",voucher
Hibbertia scandens,native,1948,"Oxenford, R.A.",voucher
Genoplesium woollsii,native,1948,,voucher
Apocissus hypoglauca,native,1949,"Ford, N.C.",voucher
Elaeocarpus reticulatus,native,1949,"Ford, N.C.",voucher
Glochidion ferdinandi,native,1949,"Ford, N.C.",voucher
Hydrocotyle acutiloba,native,1949,"Ford, N.C.",voucher
Livistona australis,native,1949,"Ford, N.C.",voucher
Syzygium smithii,native,1949,"Ford, N.C.",voucher
Ficus coronata,native,1949,"Johnson, L.A.S.",voucher
Chiloglottis reflexa,native,1949,,voucher
Baloskion gracile,native,1950,"Constable, E.F.",voucher
Goodenia stelligera,native,1950,"Constable, E.F.",voucher
Lyperanthus suaveolens,native,1950,"Dockrill, A.W.",voucher
Gleichenia microphylla,native,1950,"Warren, J.",voucher
Wahlenbergia stricta,native,1950,"Warren, J.",voucher
Westringia fruticosa,native,1950,"Warren, J.",voucher
Emmenosperma alphitonioides,native,1950,"Whaite, T.M.",voucher
Astrotricha crassifolia,native,1950,,voucher
Thelymitra venosa,native,1950,,voucher
Utricularia lateriflora,native,1950,,voucher
Epacris coriacea,native,1951,"Bowden, I.",voucher
Gahnia radula,native,1951,"Mckee, H.S.",voucher
Lepidosperma longitudinale,native,1951,"Mckee, H.S.",voucher
Acacia melanoxylon,native,1951,"Salasoo, H.",voucher
Parapolystichum acuminatum,native,1951,"Salasoo, H.",voucher
Pittosporum multiflorum,native,1952,"Beadle, N.C.",voucher
Hypolepis glandulifera,native,1952,"Constable, E.F.",voucher
Juncus usitatus,native,1952,"Constable, E.F.",voucher
Lissanthe strigosa,native,1952,"Garden, J.",voucher
Melaleuca deanei,native,1952,"King, J.",voucher
Kennedia rubicunda,native,1952,"Lothian, T.R.N.",voucher
Calystegia soldanella,native,1952,"Whaite, T.M.",voucher
Gaudium laevigatum,native,1952,"Whaite, T.M.",voucher
Lobelia anceps,native,1952,"Whaite, T.M.",voucher
Ranunculus inundatus,native,1952,"Whaite, T.M.",voucher
Acacia elata,native,1952,"Williams, J.B.",voucher
Eucalyptus saligna,native,1952,"Williams, J.B.",voucher
Scaevola calendulacea,native,1953,"Briggs, B.G.",voucher
Pterostylis oblonga,native,1953,"Dockrill, A.W.",voucher
Leptocarpus tenax,native,1953,"Griffiths, K.G.",voucher
Juncus flavidus,native,1953,"Johnson, L.A.S.",voucher
Pterostylis obtusa,native,1953,"Mcalpine, D.K.",voucher
Palhinhaea cernua,native,1953,"Melville, R.",voucher
Juncus subsecundus,native,1953,"Tindale, M.D.",voucher
Petrophile sessilis,native,1953,,voucher
Pterostylis erecta,native,1953,,voucher
Chiloglottis seminuda,native,1954,"Douglass, H.",voucher
Xanthorrhoea macronema,native,1954,"Robinson, B.G.",voucher
Juncus cognatus,introduced,1954,"Salasoo, H.",voucher
Poa labillardierei,native,1954,"Salasoo, H.",voucher
Hypolepis muelleri,native,1955,"Constable, E.F.",voucher
Spiranthes australis,native,1955,"Curnow, C.H.",voucher
Corybas barbarae,native,1955,"Curnow, H.",voucher
Banksia serrata,native,1955,"Hotchkiss, A.T.",voucher
Platysace stephensonii,native,1955,"Hotchkiss, A.T.",voucher
Diuris aurea,native,1955,"Millar, B.",voucher
Ceratopetalum gummiferum,native,1955,"Paterson, B.R.",voucher
Hibbertia bracteata,native,1955,"Williams, J.B.",voucher
Acacia pycnantha,introduced,1956,"Organ, M.",voucher
Alectryon subcinereus,native,1956,"Williams, J.B.",voucher
Citronella moorei,native,1956,"Williams, J.B.",voucher
Cryptocarya microneura,native,1956,"Williams, J.B.",voucher
Xerochrysum bracteatum,native,1957,"Blaxell, D.F.",voucher
Styphelia laeta,native,1957,"Gray, J.M.",voucher
Causonis clematidea,native,1957,"Williams, J.B.",voucher
Symplocos thwaitesii,native,1957,"Williams, J.B.",voucher
Drosera binata,native,1957,,voucher
Coleus australis,native,1958,"Blaxell, D.F.",voucher
Geitonoplesium cymosum,native,1958,"Blaxell, D.F.",voucher
Melodinus australis,native,1958,"Blaxell, D.F.",voucher
Myrsine howittiana,native,1958,"Blaxell, D.F.",voucher
Notelaea venosa,native,1958,"Blaxell, D.F.",voucher
Pandorea pandorana,native,1958,"Blaxell, D.F.",voucher
Euroschinus falcatus,native,1958,"Evans, O.D.",voucher
Ripogonum album,native,1958,"Evans, O.D.",voucher
Piper hederaceum,native,1958,"Kratochvil, M.",voucher
Axonopus fissifolius,introduced,1958,"Salasoo, H.",voucher
Lobelia dentata,native,1958,"Salasoo, H.",voucher
Lomandra glauca,native,1958,"Salasoo, H.",voucher
Schoenoplectiella mucronata,native,1958,"Salasoo, H.",voucher
Schoenus moorei,native,1958,Walter,voucher
Gmelina leichhardtii,native,1958,"Williams, J.B.",voucher
Drosera spatulata,native,1958,,voucher
Utricularia australis,native,1958,,voucher
Monotoca ledifolia,native,1959,"Burgess, C.E.B.H.",voucher
Litsea reticulata,native,1959,"Williams, J.B.",voucher
Luzula flaccida,native,1960,"Blaxell, D.F.",voucher
Acacia obtusifolia,native,1960,"Burgess, C.E.B.H.",voucher
Blechnum wattsii,native,1960,"Constable, E.F.",voucher
Centella asiatica,native,1960,"Eichler, H.",voucher
Centella cordifolia,native,1960,"Eichler, H.",voucher
Hydrocotyle bonariensis,introduced,1960,"Eichler, H.",voucher
Backhousia leptopetala,native,1960,"Green, J.W.",voucher
Bossiaea scolopendria,native,1960,"Green, J.W.",voucher
Cassinia trinerva,native,1960,"Green, J.W.",voucher
Comesperma volubile,native,1960,"Green, J.W.",voucher
Diuris maculata,native,1960,"Green, J.W.",voucher
Olearia microphylla,native,1960,"Green, J.W.",voucher
Patersonia sericea,native,1960,"Green, J.W.",voucher
Endiandra sieberi,native,1960,"Williams, J.B.",voucher
Tetratheca ericifolia,native,1960,"Williams, J.B.",voucher
Zieria compacta,native,1961,"Croucher, P.",voucher
Acrotriche divaricata,native,1961,"Evans, O.D.",voucher
Hydrocotyle tripartita,native,1961,"Evans, O.D.",voucher
Veronica plebeia,native,1961,"Evans, O.D.",voucher
Leptospermum continentale,native,1961,"Filson, R.B.",voucher
Cladium procerum,native,1961,"Johnson, L.A.S.",voucher
Gompholobium latifolium,native,1961,"Reichstein, T.",voucher
Flagellaria indica,native,1962,"Blaxell, D.F.",voucher
Xanthorrhoea media,native,1962,"Constable, E.F.",voucher
Eucalyptus multicaulis,native,1962,"Johnson, L.A.S.",voucher
Xanthorrhoea resinosa,native,1963,"Constable, E.F.",voucher
Xyris juncea,native,1963,"Constable, E.F.",voucher
Lomandra filiformis,native,1964,"Briggs, B.G.",voucher
Cassinia aureonitens,native,1964,"Coveny, R.G.",voucher
Dillwynia trichopoda,native,1964,"Debenham, C.",voucher
Platylobium parviflorum,native,1964,"Debenham, C.",voucher
Sphaerolobium vimineum,native,1964,"Debenham, C.",voucher
Grevillea linearifolia,native,1964,,voucher
Microtis unifolia,native,1965,"Blaxell, D.F.",voucher
Eleocharis minuta,introduced,1965,"Constable, E.F.",voucher
Ficinia nodosa,native,1965,"Constable, E.F.",voucher
Gratiola pubescens,native,1965,"Constable, E.F.",voucher
Machaerina articulata,native,1965,"Constable, E.F.",voucher
Schoenus maschalinus,native,1965,"Constable, E.F.",voucher
Xyris operculata,native,1965,"Constable, E.F.",voucher
Cassinia longifolia,native,1965,"Coveny, R.G.",voucher
Dichelachne crinita,native,1965,"Coveny, R.G.",voucher
Juncus capillaceus,introduced,1965,"Coveny, R.G.",voucher
Machaerina juncea,native,1965,"Coveny, R.G.",voucher
Ranunculus muricatus,introduced,1965,"Coveny, R.G.",voucher
Trema tomentosa,native,1965,"Smith, L.S.",voucher
Prasophyllum brevilabre,native,1965,,voucher
Dichondra repens,native,1966,"Coveny, R.G.",voucher
Diplazium australe,native,1966,"Coveny, R.G.",voucher
Juncus pauciflorus,native,1966,"Coveny, R.G.",voucher
Lachnagrostis filiformis,native,1966,"Coveny, R.G.",voucher
Lomandra cylindrica,native,1966,"Coveny, R.G.",voucher
Opercularia varia,native,1966,"Coveny, R.G.",voucher
Poranthera microphylla,native,1966,"Coveny, R.G.",voucher
Rumex sagittatus,introduced,1966,"Coveny, R.G.",voucher
Senecio hispidulus,native,1966,"Coveny, R.G.",voucher
Senecio prenanthoides,native,1966,"Coveny, R.G.",voucher
Sphaeropteris australis,native,1966,"Coveny, R.G.",voucher
Tanacetum vulgare,introduced,1966,"Coveny, R.G.",voucher
Vicia sativa,introduced,1966,"Coveny, R.G.",voucher
Vicia tetrasperma,introduced,1966,"Coveny, R.G.",voucher
Xyris gracilis,native,1966,"Coveny, R.G.",voucher
Senecio diaschides,native,1966,"Hartley, W.",voucher
Senecio minimus,native,1966,"Hartley, W.",voucher
Lepyrodia verruculosa,native,1967,"Constable, E.F.",voucher
Gonocarpus tetragynus,native,1967,"Coveny, R.G.",voucher
Senecio bipinnatisectus,native,1967,"Coveny, R.G.",voucher
Suaeda australis,native,1967,"Coveny, R.G.",voucher
Billardiera scandens,native,1968,"Crompton, B.",voucher
Epilobium hirtigerum,native,1969,"Briggs, B.G.",voucher
Plantago debilis,native,1969,"Briggs, B.G.",voucher
Lomandra micrantha,native,1969,"Coveny, R.G.",voucher
Nymphaea nouchali,introduced,1969,"Cox, A.J.",voucher
Microlaena stipoides,native,1969,"Maconochie, J.R.",voucher
Sporobolus africanus,introduced,1969,"Maconochie, R. John",voucher
Hibbertia monogyna,native,1969,"Phillips, M.E.",voucher
Homalanthus stillingiifolius,native,1969,"Pickard, J.",voucher
Stylidium productum,native,1969,"Scarth-Johnson, V.",voucher
Calochilus campestris,native,1969,,voucher
Prasophyllum striatum,native,1969,,voucher
Gompholobium grandiflorum,native,1970,"Hain, B.",voucher
Hibbertia aspera,native,1970,"Hain, B.",voucher
Hibbertia ericifolia,native,1970,"Hain, B.",voucher
Hibbertia linearis,native,1970,"Hain, B.",voucher
Leucopogon parviflorus,native,1970,"Hain, B.",voucher
Monotoca elliptica,native,1970,"Hain, B.",voucher
Plantago varia,native,1970,"Hain, B.",voucher
Zieria laevigata,native,1970,"Hain, B.",voucher
Opercularia aspera,native,1971,"Berg, R.Y.",voucher
Acanthospermum australe,introduced,1971,"Coveny, R.G.",voucher
Centrolepis fascicularis,native,1971,"Coveny, R.G.",voucher
Monotaxis linifolia,native,1971,"Coveny, R.G.",voucher
Platylobium formosum,native,1971,"Pulley, J.",voucher
Arctotheca populifolia,introduced,1971,,voucher
Cyrtostylis reniformis,native,1971,,voucher
Mitrasacme paludosa,native,1971,,voucher
Solanum chenopodioides,introduced,1972,"Bisby, R.",voucher
Hibbertia empetrifolia,native,1972,"Hoogland, R.D.",voucher
Hibbertia fasciculata,native,1972,"Hoogland, R.D.",voucher
Lepidosperma viscidum,native,1972,"Howard, T.M.",voucher
Sowerbaea juncea,native,1972,"Winterhalder, E.K.",voucher
Spinifex sericeus,native,1972,"Winterhalder, E.K.",voucher
Acacia baueri,native,1972,,voucher
Juncus microcephalus,introduced,1973,"Armstrong, J.A.",voucher
Cenchrus caliculatus,native,1973,"Coveny, R.G.",voucher
Digitaria ischaemum,introduced,1973,"Coveny, R.G.",voucher
Egeria densa,introduced,1973,"Coveny, R.G.",voucher
Entolasia whiteana,native,1973,"Coveny, R.G.",voucher
Fimbristylis dichotoma,native,1973,"Coveny, R.G.",voucher
Halophila ovalis,native,1973,"Coveny, R.G.",voucher
Lepidosperma flexuosum,native,1973,"Coveny, R.G.",voucher
Lepidosperma forsythii,native,1973,"Coveny, R.G.",voucher
Lepidosperma neesii,native,1973,"Coveny, R.G.",voucher
Lepidosperma sieberi,native,1973,"Coveny, R.G.",voucher
Machaerina nuda ,native,1973,"Coveny, R.G.",voucher
Opercularia hispida,native,1973,"Coveny, R.G.",voucher
Posidonia australis,native,1973,"Coveny, R.G.",voucher
Potamogeton ochreatus,native,1973,"Coveny, R.G.",voucher
Schizaea dichotoma,native,1973,"Coveny, R.G.",voucher
Schoenus lepidosperma,native,1973,"Coveny, R.G.",voucher
Vallisneria australis,native,1973,"Coveny, R.G.",voucher
Vallisneria nana,native,1973,"Coveny, R.G.",voucher
Zostera capricorni,native,1973,"Coveny, R.G.",voucher
Amphipogon strictus,native,1973,"Howard, T.M.",voucher
Anisopogon avenaceus,native,1973,"Howard, T.M.",voucher
Anthelepis paludosa,native,1973,"Howard, T.M.",voucher
Calamagrostis quadriseta,native,1973,"Howard, T.M.",voucher
Schoenus melanostachys,native,1973,"Howard, T.M.",voucher
Persicaria capitata,introduced,1973,"Jacobs, S.",voucher
Juncus planifolius,native,1973,"Jacobs, S.W.L.",voucher
Melianthus major,introduced,1973,"Rodd, A.N.",voucher
Phyllanthus gunnii,native,1973,"Webster, G.L.",voucher
Polyscias sambucifolia,native,1973,"Webster, G.L.",voucher
Digitaria didactyla,introduced,1973,"Winterhalder, E.K.",voucher
Sporobolus virginicus,native,1973,"Winterhalder, E.K.",voucher
Gahnia sieberiana,native,1973,,voucher
Juncus acuminatus,introduced,1973,,voucher
Cassytha paniculata,native,1974,"Armstrong, J.A.",voucher
Hibbertia obtusifolia,native,1974,"Hoogland, R.D.",voucher
Aristida vagans,native,1974,"Howard, T.M.",voucher
Schoenus turbinatus,native,1974,"Howard, T.M.",voucher
Tricoryne elatior,native,1974,"Howard, T.M.",voucher
Halophila decipiens,native,1974,"Kirkman, H.",voucher
Juncus pallidus,native,1975,"Armstrong, J.A.",voucher
Allocasuarina nana,native,1975,"Coveny, R.G.",voucher
Alternanthera denticulata,native,1975,"Coveny, R.G.",voucher
Anredera cordifolia,introduced,1975,"Coveny, R.G.",voucher
Baloskion tetraphyllum,native,1975,"Coveny, R.G.",voucher
Chorizandra cymbaria,native,1975,"Coveny, R.G.",voucher
Chorizandra sphaerocephala,native,1975,"Coveny, R.G.",voucher
Cyperus brevifolius,introduced,1975,"Coveny, R.G.",voucher
Cyperus imbecillis,native,1975,"Coveny, R.G.",voucher
Cyperus polystachyos,native,1975,"Coveny, R.G.",voucher
Cyperus sesquiflorus,introduced,1975,"Coveny, R.G.",voucher
Cyperus sphaeroideus,native,1975,"Coveny, R.G.",voucher
Cyperus tetraphyllus,native,1975,"Coveny, R.G.",voucher
Eclipta platyglossa,native,1975,"Coveny, R.G.",voucher
Eleocharis gracilis,native,1975,"Coveny, R.G.",voucher
Eurychorda complanata,native,1975,"Coveny, R.G.",voucher
Eustrephus latifolius,native,1975,"Coveny, R.G.",voucher
Fimbristylis ferruginea,native,1975,"Coveny, R.G.",voucher
Gahnia microstachya,native,1975,"Coveny, R.G.",voucher
Gladiolus undulatus,introduced,1975,"Coveny, R.G.",voucher
Gonocarpus salsoloides,native,1975,"Coveny, R.G.",voucher
Isolepis inundata,native,1975,"Coveny, R.G.",voucher
Isolepis prolifera,introduced,1975,"Coveny, R.G.",voucher
Juncus bulbosus,introduced,1975,"Coveny, R.G.",voucher
Juncus effusus,introduced,1975,"Coveny, R.G.",voucher
Juncus homalocaulis,native,1975,"Coveny, R.G.",voucher
Juncus remotiflorus,native,1975,"Coveny, R.G.",voucher
Juncus tenuis,introduced,1975,"Coveny, R.G.",voucher
Lepidosperma limicola,native,1975,"Coveny, R.G.",voucher
Leptinella longipes,native,1975,"Coveny, R.G.",voucher
Lepyrodia anarthria,native,1975,"Coveny, R.G.",voucher
Lepyrodia muelleri,native,1975,"Coveny, R.G.",voucher
Lilium formosanum,introduced,1975,"Coveny, R.G.",voucher
Machaerina arthrophylla ,native,1975,"Coveny, R.G.",voucher
Machaerina gunnii,native,1975,"Coveny, R.G.",voucher
Machaerina teretifolia,native,1975,"Coveny, R.G.",voucher
Oxalis purpurea,introduced,1975,"Coveny, R.G.",voucher
Persicaria hydropiper,native,1975,"Coveny, R.G.",voucher
Physalis peruviana,introduced,1975,"Coveny, R.G.",voucher
Pollia crispata,native,1975,"Coveny, R.G.",voucher
Sticherus lobatus,native,1975,"Coveny, R.G.",voucher
Stolonochloa pygmaea,native,1975,"Coveny, R.G.",voucher
Thunbergia alata,introduced,1975,"Coveny, R.G.",voucher
Tropaeolum majus,introduced,1975,"Coveny, R.G.",voucher
Xanthium strumarium,introduced,1975,"Coveny, R.G.",voucher
Acacia schinoides,native,1975,"Good, R.B.",voucher
Grevillea banksii,introduced,1975,"Good, R.B.",voucher
Lophostemon confertus,introduced,1975,"Good, R.B.",voucher
Gamochaeta americana,introduced,1975,"Howard, T.M.",voucher
Schoenus brevifolius,native,1975,"Howard, T.M.",voucher
Callitriche stagnalis,introduced,1975,,voucher
Gymnoschoenus sphaerocephalus,native,1975,,voucher
Hibbertia salicifolia,native,1975,,voucher
Utricularia gibba,native,1975,,voucher
Ophioglossum lusitanicum,native,1976,"Coveny, R.G.",voucher
Polygala virgata,introduced,1976,"Coveny, R.G.",voucher
Pseudoraphis paradoxa,native,1976,"Coveny, R.G.",voucher
Pultenaea dentata,native,1976,"Coveny, R.G.",voucher
Sacciolepis indica,native,1976,"Coveny, R.G.",voucher
Sagina maritima,introduced,1976,"Coveny, R.G.",voucher
Corybas undulatus,native,1976,Covr,voucher
Sarcochilus hillii,native,1976,,voucher
Dianella caerulea,native,1977,"Bartlett, C.",voucher
Banksia paludosa,native,1977,"Blombery, A.",voucher
Aneilema biflorum,native,1977,"Coveny, R.G.",voucher
Crassocephalum crepidioides,introduced,1977,"Coveny, R.G.",voucher
Lepidosperma urophorum,native,1977,"Coveny, R.G.",voucher
Pararchidendron pruinosum,native,1977,"Coveny, R.G.",voucher
Allocasuarina torulosa,native,1978,"Coveny, R.G.",voucher
Amylotheca dictyophleba,native,1978,"Coveny, R.G.",voucher
Carex declinata,native,1978,"Coveny, R.G.",voucher
Casuarina glauca,native,1978,"Coveny, R.G.",voucher
Cenchrus alopecuroides,introduced,1978,"Coveny, R.G.",voucher
Ceodes umbellifera,native,1978,"Coveny, R.G.",voucher
Chenopodium trigonon,native,1978,"Coveny, R.G.",voucher
Cyperus cyperoides,native,1978,"Coveny, R.G.",voucher
Cyperus gracilis,native,1978,"Coveny, R.G.",voucher
Dendrocnide excelsa,native,1978,"Coveny, R.G.",voucher
Digitaria ciliaris,introduced,1978,"Coveny, R.G.",voucher
Epilobium billardiereanum,native,1978,"Coveny, R.G.",voucher
Eriachne glabrata,native,1978,"Coveny, R.G.",voucher
Euchiton involucratus,native,1978,"Coveny, R.G.",voucher
Legnephora moorei,native,1978,"Coveny, R.G.",voucher
Nicotiana forsteri,native,1978,"Coveny, R.G.",voucher
Polyscias elegans,native,1978,"Coveny, R.G.",voucher
Rytidosperma racemosum,native,1978,"Coveny, R.G.",voucher
Sisyrinchium micranthum,introduced,1978,"Coveny, R.G.",voucher
Typhonium eliosurum,native,1978,"Coveny, R.G.",voucher
Utricularia uliginosa,native,1979,,voucher
Almaleea paludosa,native,1981,"Coveny, R.G.",voucher
Melaleuca squamea,native,1981,"Coveny, R.G.",voucher
Drosera hookeri,native,1981,"Francis, S.J.",voucher
Banksia integrifolia,native,1981,gumnut,iNaturalist
Melaleuca nodosa,native,1981,gumnut,iNaturalist
Patersonia fragilis,native,1981,"Vitt, Dale H.",voucher
Drosera peltata,native,1981,,voucher
Celastrus subspicatus,native,1982,"Mills, K.",voucher
Cupaniopsis anacardioides,native,1982,"Mills, K.",voucher
Sphaeropteris cooperi,native,1982,"Mills, K.",voucher
Syzygium australe,native,1982,"Mills, K.",voucher
Echinopogon caespitosus,native,1982,"Rominger, J.",voucher
Plantago coronopus,introduced,1982,"Stricker, P.G.",voucher
Arrhenechthites mixtus,native,1983,"Chalson, J.",voucher
Asparagus aethiopicus,introduced,1983,"Chalson, J.",voucher
Asparagus setaceus,introduced,1983,"Chalson, J.",voucher
Cestrum parqui,introduced,1983,"Chalson, J.",voucher
Cycnogeton procerum,native,1983,"Chalson, J.",voucher
Cynodon dactylon,introduced,1983,"Chalson, J.",voucher
Eleocharis sphacelata,native,1983,"Chalson, J.",voucher
Erigeron sumatrensis,introduced,1983,"Chalson, J.",voucher
Goodenia paniculata,native,1983,"Chalson, J.",voucher
Hypolaena fastigiata,native,1983,"Chalson, J.",voucher
Leucopogon virgatus,native,1983,"Chalson, J.",voucher
Notelaea longifolia,native,1983,"Chalson, J.",voucher
Rhagodia candolleana,native,1983,"Chalson, J.",voucher
Themeda triandra,native,1983,"Chalson, J.",voucher
Zantedeschia aethiopica,introduced,1983,"Chalson, J.",voucher
Schoenus apogon,native,1983,"Stricker, P.G.",voucher
Schoenus nitens,native,1983,"Stricker, P.G.",voucher
Polypogon monspeliensis,introduced,1983,"Wilson, N.C.",voucher
Commersonia hermanniifolia,native,1984,"Benson, D.H.",voucher
Caleana minor,native,1984,"D'Aubert, G.",voucher
Eucalyptus apiculata,native,1984,"Mills, K.",voucher
Lepidosperma laterale,native,1984,"Mills, K.",voucher
Peperomia leptostachya ,native,1984,"Mills, K.",voucher
Populus alba,introduced,1984,"Mills, K.",voucher
Erechtites valerianifolius,introduced,1984,,voucher
Pultenaea villosa,native,1985,"Auld, A.",voucher
Cassinia denticulata,native,1985,"Mills, K.",voucher
Eucalyptus scias,native,1985,"Mills, K.",voucher
Prostanthera lasianthos,native,1985,"Panayiotou, B.",voucher
Isolepis levynsiana,introduced,1986,"Abell, P.G.",voucher
Melaleuca armillaris,native,1986,"Abell, P.G.",voucher
Rytidosperma pallidum,native,1986,"Abell, P.G.",voucher
Senecio pinnatifolius,native,1986,"Abell, P.G.",voucher
Sphaeromorphaea australis,native,1986,"Abell, P.G.",voucher
Eucalyptus eugenioides,native,1986,"Crisp, M.D.",voucher
Pterostylis alveata,native,1986,"D'Aubert, G.",voucher
Xylomelum pyriforme,native,1986,"Murray, L.J.",voucher
Cyclophyllum longipetalum,native,1986,"Rodd, A.N.",voucher
Ranunculus lappaceus,native,1986,"Rodd, A.N.",voucher
Lolium arundinaceum,introduced,1987,"Klaphake, V.",voucher
Sporobolus creber,native,1987,"Klaphake, V.",voucher
Bothriochloa decipiens,native,1987,"Mills, K.",voucher
Symplocos stawellii,native,1987,"Mills, K.",voucher
Cymbidium suave,native,1987,,voucher
Plectorrhiza tridentata,native,1987,,voucher
Prasophyllum flavum,native,1987,,voucher
Commelina cyanea,native,1988,kenharris,iNaturalist
Gomphocarpus fruticosus,introduced,1988,kenharris,iNaturalist
Lantana camara,introduced,1988,kenharris,iNaturalist
Macrozamia communis,native,1988,kenharris,iNaturalist
Senna pendula,introduced,1988,kenharris,iNaturalist
Olearia elliptica,native,1990,"Dart, I.",voucher
Pterostylis furva,native,1991,"Bishop, A.D.",voucher
Oxalis perennans,native,1991,"Klaphake, V.",voucher
Oxalis thompsoniae,native,1991,"Klaphake, V.",voucher
Utricularia uniflora,native,1991,,voucher
Burchardia umbellata,native,1992,"Ashby, E.",voucher
Eucalyptus agglomerata,native,1992,"D'Orazio, R.",voucher
Erica lusitanica,introduced,1992,"Klaphake, V.",voucher
Utricularia oppositiflora,native,1992,"Lm, E.A.",voucher
Lepidosperma gunnii,native,1992,"Wilson, K.L.",voucher
Leichhardtia suaveolens,native,1993,"Pellow, B.",voucher
Tephrosia grandiflora,introduced,1993,"Pellow, B.",voucher
Ageratina adenophora,introduced,1994,"Bayer, R.J.",voucher
Austrostipa rudis,native,1994,"Dalby, J.M.",voucher
Festuca fasciculata,introduced,1994,"Dalby, J.M.",voucher
Lagurus ovatus,introduced,1994,"Dalby, J.M.",voucher
Stenotaphrum secundatum,introduced,1994,"Dalby, J.M.",voucher
Cabomba caroliniana,introduced,1994,"Fairley, A.T.",voucher
Austrostipa mollis,native,1994,"Keith, D.",voucher
Comesperma defoliatum,native,1994,"Keith, D.",voucher
Rytidosperma tenuius,native,1994,"Keith, D.",voucher
Cyperus enervis,native,1995,"Klaphake, V.",voucher
Juncus caespiticius,native,1995,"Klaphake, V.",voucher
Scleria mackaviensis,native,1995,"Klaphake, V.",voucher
Verbena bonariensis,introduced,1995,"Michael, P.W.",voucher
Verbena incompta,introduced,1995,"Michael, P.W.",voucher
Verbena litoralis,introduced,1995,"Michael, P.W.",voucher
Pittosporum undulatum,native,1997,"Bradford, J.C.",voucher
Juncus imbricatus,introduced,1998,"Klaphake, V.",voucher
Caladenia picta,native,1998,,voucher
Eucalyptus robusta,native,1999,"Pellow, B.",voucher
Senecio glastifolius,introduced,1999,,voucher
Pseudanthus divaricatissimus,native,2000,"Fairley, A.T.",voucher
Adiantum raddianum,introduced,2000,"Robinson, M.V.",voucher
Geranium solanderi,native,2001,"Pellow, B.",voucher
Wilsonia rotundifolia,native,2001,,voucher
Ipomoea cairica,introduced,2002,"Gibson, C.P.",voucher
Chiloglottis diphylla,native,2002,,voucher
Tetratheca thymifolia,native,2003,"Crayn, D.M.",voucher
Macrozamia spiralis,native,2003,"Young, M.C.",voucher
Styphelia sieberi,native,2004,"Crayn, D.M.",voucher
Lasiopetalum parviflorum,native,2004,"Wilkins, C.F.",voucher
Crassula spathulata,introduced,2005,"Callaway, J.W.",voucher
Rytidosperma longifolium,native,2005,"Hodkinson, T.",voucher
Gonocarpus teucrioides,native,2005,"Nelson, I.I.",voucher
Spergularia rubra,introduced,2005,"Pellow, B.",voucher
Lilaeopsis polyantha,native,2005,,voucher
Calamagrostis angustifolia,native,2006,"Gibson, C.P.",voucher
Solanum linnaeanum,introduced,2006,"Gibson, C.P.",voucher
Wahlenbergia littoricola,native,2006,"Gibson, C.P.",voucher
Pultenaea ferruginea,native,2006,"Pedersen, S.",voucher
Senecio spathulatus,native,2006,"Pellow, B.",voucher
Hydrocotyle hirta,native,2006,"Perkins, A.J.",voucher
Thelymitra fragrans,native,2007,"Bradhurst, M.",voucher
Crassula peduncularis,native,2007,"Miller, J.",voucher
Oxylobium cordifolium,native,2007,"Miller, J.",voucher
Poa billardierei,native,2007,"Miller, J.",voucher
Crassula decumbens,native,2007,"Miller, R.T.",voucher
Pterostylis uliginosa,native,2007,,voucher
Bartlettina sordida,introduced,2008,brurou,iNaturalist
Dendrobium speciosum,native,2008,brurou,iNaturalist
Nerium oleander,introduced,2008,brurou,iNaturalist
Viola banksii,native,2008,brurou,iNaturalist
Lepidosperma latens,native,2008,"Gibbs, A.K.",voucher
Hackelia latifolia,native,2008,"Miller, J.",voucher
Gompholobium inconspicuum,native,2009,"Coveny, R.G.",voucher
Drosera capensis,introduced,2011,"Jobson, R.W.",voucher
Utricularia speciosa,native,2011,"Jobson, R.W.",voucher
Utricularia subulata,introduced,2011,"Jobson, R.W.",voucher
Viola silicestris,native,2012,"Dalrymple, R.",voucher
Vincetoxicum barbatum,native,2012,russellcumming,iNaturalist
Dipodium variegatum,native,2014,c-dragon,iNaturalist
Goodenia hederacea,native,2014,sea-kangaroo,iNaturalist
Bossiaea prostrata,native,2015,"Armstrong, P.",voucher
Melaleuca linariifolia,native,2015,"Benson, D.H.",voucher
Carpobrotus glaucescens,native,2015,pirtinis,iNaturalist
Plecostachys serpyllifolia,introduced,2016,"Arney, J.",voucher
Herbertia lahue,introduced,2016,crellow,iNaturalist
Hydrocleys nymphoides,introduced,2016,"Jobson, R.W.",voucher
Centrolepis strigosa,native,2016,"Taseski, G.M.",voucher
Hypoxis hygrometrica,native,2016,"Taseski, G.M.",voucher
Opercularia diphylla,native,2016,"Taseski, G.M.",voucher
Phytolacca octandra,introduced,2016,"Taseski, G.M.",voucher
Melaleuca linearifolia,native,2017,"Kaiser, S.",voucher
Cestrum nocturnum,introduced,2018,"Arney, J.",voucher
Adiantum aethiopicum,native,2018,jessicao17,iNaturalist
Kalanchoe delagoensis,introduced,2018,jessicao17,iNaturalist
Selaginella kraussiana,introduced,2018,jessicao17,iNaturalist
Platycerium bifurcatum,native,2018,porcoespinho15,iNaturalist
Cyrtomium falcatum,introduced,2018,"Taseski, G.M.",voucher
Cryptostylis subulata,native,2018,youngnaturalist_aus,iNaturalist
Senecio madagascariensis,introduced,2019,bennybotany85,iNaturalist
Kalanchoe  houghtonii,introduced,2019,clarecao,iNaturalist
Gomphrena celosioides,introduced,2019,"Nagle, P.",voucher
Cirsium vulgare,introduced,2019,porcoespinho15,iNaturalist
Exocarpos cupressiformis,native,2019,porcoespinho15,iNaturalist
Heliotropium amplexicaule,introduced,2019,porcoespinho15,iNaturalist
Lysimachia arvensis,introduced,2019,porcoespinho15,iNaturalist
Cryptostylis erecta,native,2019,yannick29,iNaturalist
Lepidosperma prospectum,native,2020,"Barrett, R.L.",voucher
Boronia parviflora,native,2020,isidoreajar,iNaturalist
Caladenia alata,native,2020,isidoreajar,iNaturalist
Acacia decurrens,native,2020,philzoe,iNaturalist
Acacia mearnsii,native,2020,philzoe,iNaturalist
Romulea rosea,introduced,2020,philzoe,iNaturalist
Acacia baileyana,introduced,2020,porcoespinho15,iNaturalist
Acacia hispidula,native,2020,porcoespinho15,iNaturalist
Acacia podalyriifolia,introduced,2020,porcoespinho15,iNaturalist
Asparagus asparagoides,introduced,2020,porcoespinho15,iNaturalist
Avicennia marina,native,2020,porcoespinho15,iNaturalist
Billardiera mutabilis,native,2020,porcoespinho15,iNaturalist
Bursaria spinosa,native,2020,porcoespinho15,iNaturalist
Cassytha glabella,native,2020,porcoespinho15,iNaturalist
Chlorophytum comosum,introduced,2020,porcoespinho15,iNaturalist
Comesperma sphaerocarpum,native,2020,porcoespinho15,iNaturalist
Crassula multicava,introduced,2020,porcoespinho15,iNaturalist
Daviesia ulicifolia,native,2020,porcoespinho15,iNaturalist
Dipodium roseum,native,2020,porcoespinho15,iNaturalist
Eriochilus cucullatus,native,2020,porcoespinho15,iNaturalist
Hypericum gramineum,native,2020,porcoespinho15,iNaturalist
Lantana montevidensis,introduced,2020,porcoespinho15,iNaturalist
Leichhardtia rostrata,native,2020,porcoespinho15,iNaturalist
Ligustrum sinense,introduced,2020,porcoespinho15,iNaturalist
Melicope micrococca,native,2020,porcoespinho15,iNaturalist
Nephrolepis cordifolia,introduced,2020,porcoespinho15,iNaturalist
Ochna serrulata,introduced,2020,porcoespinho15,iNaturalist
Omphacomeria acerba,native,2020,porcoespinho15,iNaturalist
Pomax umbellata,native,2020,porcoespinho15,iNaturalist
Pullenia gunnii,native,2020,porcoespinho15,iNaturalist
Salicornia quinqueflora,native,2020,porcoespinho15,iNaturalist
Stackhousia viminea,native,2020,porcoespinho15,iNaturalist
Tagetes minuta,introduced,2020,porcoespinho15,iNaturalist
Vinca major,introduced,2020,porcoespinho15,iNaturalist
Oxalis incarnata,introduced,2020,saoirse_a,iNaturalist
Polygala myrtifolia,introduced,2020,"Tooth, I.M.",voucher
Rubus moluccanus,native,2020,twan3253,iNaturalist
Brachyscome graminea,native,2020,wcornwell,iNaturalist
Aloe maculata,introduced,2020,zaraaa,iNaturalist
Polymeria calycina,native,2021,alexthomsen,iNaturalist
Asclepias curassavica,introduced,2021,brurou,iNaturalist
Begonia cucullata,introduced,2021,brurou,iNaturalist
Cakile maritima,introduced,2021,brurou,iNaturalist
Dianella congesta,native,2021,brurou,iNaturalist
Erigeron karvinskianus,introduced,2021,brurou,iNaturalist
Holcus lanatus,introduced,2021,brurou,iNaturalist
Ipomoea indica,introduced,2021,brurou,iNaturalist
Oxalis debilis,introduced,2021,brurou,iNaturalist
Pelargonium capitatum,introduced,2021,brurou,iNaturalist
Pultenaea flexilis,native,2021,brurou,iNaturalist
Rubus parvifolius,native,2021,brurou,iNaturalist
Tetragonia tetragonoides,native,2021,brurou,iNaturalist
Trachyandra divaricata,introduced,2021,brurou,iNaturalist
Watsonia meriana,introduced,2021,brurou,iNaturalist
Gladiolus carneus,introduced,2021,chazh,iNaturalist
Leonotis leonurus,introduced,2021,christopherallan,iNaturalist
Pelargonium australe,native,2021,clintsteel,iNaturalist
Cyanthillium cinereum,native,2021,cynthia_c,iNaturalist
Xyris complanata,native,2021,cynthia_c,iNaturalist
Chiloglottis trapeziformis,native,2021,eamonn_c,iNaturalist
Kniphofia uvaria,introduced,2021,eamonn_c,iNaturalist
Caladenia transitoria,native,2021,joannab011,iNaturalist
Dietes grandiflora,introduced,2021,joeland,iNaturalist
Pyrorchis nigricans,native,2021,joeland,iNaturalist
Briza maxima,introduced,2021,mattieo,iNaturalist
Dendrophthoe vitellina,native,2021,natalie765,iNaturalist
Dietes iridioides,introduced,2021,perryfoord1993,iNaturalist
Cheilanthes sieberi,native,2021,philzoe,iNaturalist
Cyclospermum leptophyllum,introduced,2021,philzoe,iNaturalist
Sherardia arvensis,introduced,2021,philzoe,iNaturalist
Acacia binervia,native,2021,porcoespinho15,iNaturalist
Catalpa bignonioides,introduced,2021,porcoespinho15,iNaturalist
Cortaderia selloana,introduced,2021,porcoespinho15,iNaturalist
Nandina domestica,introduced,2021,porcoespinho15,iNaturalist
Pyracantha angustifolia,introduced,2021,porcoespinho15,iNaturalist
Solanum sisymbriifolium,introduced,2021,porcoespinho15,iNaturalist
Xanthosia tridentata,native,2021,porcoespinho15,iNaturalist
Acianthus pusillus,native,2021,rlawrenz,iNaturalist
Calochilus gracillimus,native,2021,roberthumphries,iNaturalist
Thelymitra atronitida,native,2021,roberthumphries,iNaturalist
Thelymitra improcera,native,2021,roberthumphries,iNaturalist
Cryptostylis leptochila,native,2021,ronavery,iNaturalist
Gymnocoronis spilanthoides,introduced,2021,"Taseski, G.M.",voucher
Mentha  piperita,introduced,2021,"Taseski, G.M.",voucher
Teucrium corymbosum,native,2021,"Taseski, G.M.",voucher
Austrostipa ramosissima,native,2021,theuselessapricot,iNaturalist
Brachychiton acerifolius,native,2022,allanasheard,iNaturalist
Tradescantia fluminensis,introduced,2022,allanasheard,iNaturalist
Leucojum aestivum,introduced,2022,cynthia_c,iNaturalist
Eragrostis curvula,introduced,2022,daphpad,iNaturalist
Brunoniella pumilio,native,2022,eamonn_c,iNaturalist
Leontodon saxatilis,introduced,2022,eamonn_c,iNaturalist
Solanum lycopersicum,introduced,2022,eamonn_c,iNaturalist
Bidens alba,introduced,2022,mattieo,iNaturalist
Genoplesium despectans,native,2022,nicvlattas,iNaturalist
Ludwigia peploides,native,2022,paulschrijvershof,iNaturalist
Aristea ecklonii,introduced,2022,perryfoord1993,iNaturalist
Euphorbia peplus,introduced,2022,pippuri,iNaturalist
Araucaria cunninghamii,introduced,2022,porcoespinho15,iNaturalist
Hibbertia stricta,native,2022,porcoespinho15,iNaturalist
Alstroemeria psittacina,introduced,2022,remco,iNaturalist
Philotheca hispidula,native,2022,richarddimon,iNaturalist
Cryptostylis hunteriana,native,2022,roberthumphries,iNaturalist
Pterostylis hispidula,native,2022,roberthumphries,iNaturalist
Melaleuca styphelioides,native,2022,ronavery,iNaturalist
Agapanthus praecox,introduced,2022,tayloredtotaylor,iNaturalist
Arum italicum,introduced,2022,thebeachcomber,iNaturalist
Cyperus eragrostis,introduced,2022,thebeachcomber,iNaturalist
Juncus dichotomus,introduced,2022,thebeachcomber,iNaturalist
Lagenophora brachyglossa,native,2022,thebeachcomber,iNaturalist
Lagenophora sublyrata,native,2022,thebeachcomber,iNaturalist
Viola betonicifolia,native,2022,thebeachcomber,iNaturalist
Araujia sericifera,introduced,2022,thelosthuman,iNaturalist
Colocasia fontanesii,introduced,2022,tompom,iNaturalist
Campsis  tagliabueana,introduced,2023,belyykit,iNaturalist
Pteris vittata,native,2023,bennybotany85,iNaturalist
Nothoscordum gracile,introduced,2023,botanicalkatz,iNaturalist
Orianthera pusilla,native,2023,bushrevival,iNaturalist
Echinopogon ovatus,native,2023,cynthia_c,iNaturalist
Solanum prinophyllum,native,2023,douch,iNaturalist
Gladiolus  hortulanus,introduced,2023,hugodeboer,iNaturalist
Platycerium superbum,introduced,2023,jesse_campbell,iNaturalist
Alocasia brisbanensis,native,2023,keljennings,iNaturalist
Homalanthus populifolius,native,2023,mononymous,iNaturalist
Paspalum dilatatum,introduced,2023,mononymous,iNaturalist
Sonchus megalocarpus,native,2023,nic93,iNaturalist
Sprekelia formosissima,introduced,2023,perryfoord1993,iNaturalist
Euchiton sphaericus,native,2023,philzoe,iNaturalist
Lateristachys lateralis,native,2023,philzoe,iNaturalist
Phragmites australis,native,2023,porcoespinho15,iNaturalist
Ageratum houstonianum,introduced,2023,quiscale,iNaturalist
Telmatoblechnum indicum,native,2023,quiscale,iNaturalist
Eriochilus petricola,native,2023,roberthumphries,iNaturalist
Elatine gratioloides,native,2023,russellbarrett,iNaturalist
Gratiola pedunculata,native,2023,russellbarrett,iNaturalist
Modiola caroliniana,introduced,2023,russellbarrett,iNaturalist
Ranunculus repens,introduced,2023,russellbarrett,iNaturalist
Sagittaria platyphylla,introduced,2023,russellbarrett,iNaturalist
Veronica anagallis-aquatica,introduced,2023,russellbarrett,iNaturalist
Ensete ventricosum,introduced,2023,thebeachcomber,iNaturalist
Lonicera japonica,introduced,2023,thebeachcomber,iNaturalist
Olea europaea,introduced,2023,thebeachcomber,iNaturalist
Polycarpon tetraphyllum,introduced,2023,thebeachcomber,iNaturalist
Richardia humistrata,introduced,2023,thebeachcomber,iNaturalist
Solanum mauritianum,introduced,2023,thebeachcomber,iNaturalist
Andropogon virginicus,introduced,2023,toophilthy,iNaturalist
Botrychium australe,native,2023,variegateduck,iNaturalist
Gomphocarpus physocarpus,introduced,2024,joannab011,iNaturalist
Aneilema acuminatum,native,2024,nicklambert,iNaturalist
Centaurium tenuiflorum,introduced,2024,nicklambert,iNaturalist
Euryops chrysanthemoides,introduced,2024,nicklambert,iNaturalist
Senna septemtrionalis,introduced,2024,nicklambert,iNaturalist
Nymphaea alba,introduced,2024,russellbarrett,iNaturalist
Philydrum lanuginosum,native,2024,russellbarrett,iNaturalist
Datura stramonium,introduced,2024,thebeachcomber,iNaturalist
Dittrichia graveolens,introduced,2024,thebeachcomber,iNaturalist
Linum trigynum,introduced,2024,thebeachcomber,iNaturalist
Parietaria judaica,introduced,2024,thebeachcomber,iNaturalist
Pleroma urvilleanum,introduced,2024,thebeachcomber,iNaturalist
Richardia stellaris,introduced,2024,thebeachcomber,iNaturalist
Sida rhombifolia,introduced,2024,toophilthy,iNaturalist
Myriophyllum gracile,native,,"Betche, E.",voucher
Cyperus reflexus,introduced,,"Klaphake, V.",voucher
Nematolepis squamea,native,,"Shirley, J.",voucher
