current_name,scientificName,keep_omit,institutionCode,recordedBy_simple,eventDate,year,locality,recordNumber,decimalLatitude,decimalLongitude,recordedBy,county,establishment_means
Acmispon argophyllus,Acmispon argophyllus var. fremontii,keep,SJSU,"Sharsmith, Carl W.",6/27/1944,1944,"Merced R canyon below Arch Rock, Yosemite National Park",4678,37.679869,-119.734941,C.W. Sharsmith,Mariposa,native
Acmispon glaber,Acmispon glaber,keep,SJSU,"Sharsmith, Carl W.",6/26/1944,1944,"Merced R canyon below Arch Rock, Yosemite National Park",4649,NA,NA,C.W. Sharsmith,Mariposa,native
Acmispon micranthus,Acmispon micranthus,keep,SJSU,"Sharsmith, Carl W.",6/27/1944,1944,"0.5 mi below Arch Rock, Merced R canyon, Yosemite National Park",4666,37.679869,-119.734941,C.W. Sharsmith,Mariposa,native
Adenostoma fasciculatum,Adenostoma fasciculatum,keep,SJSU,"Sharsmith, Carl W.",6/28/1944,1944,"Merced R canyon, Yosemite National Park",4694,37.74487,-119.571942,C.W. Sharsmith,Mariposa,native
Agnorhiza elata,Agnorhiza elata,keep,UCJEPS,"Rose, Lewis Samuel",7/14/1959,1959,Wawona Yosemite National Park,59064,37.538097,-119.65631,Lewis S. Rose,Mariposa,native
Agoseris elata,Agoseris X elata,keep,SJSU,"Sharsmith, Carl W.",8/18/1944,1944,"W slope Mt Dana, Yosemite National Park",5235,37.9012,-119.2274,C.W. Sharsmith,Tuolumne,native
Agoseris grandiflora,Agoseris grandiflora,keep,DAV,"Bowcutt, Frederica",6/27/1984,1984,Tuolumne County: Immed. south of Ackerson Meadow along Forest Service road 1S26Y. East of Evergreen Road. About 17 air miles NW of Yosemite Valley. Between Carlon and Mather.,263,37.83821,-119.835458,Frederica Bowcutt,Tuolumne,native
Agoseris parviflora,Agoseris glauca var. laciniata,keep,YM,"Sharsmith, Carl W.",7/11/1942,1942,TUOLUMNE MEADOWS CAMPGROUND,4436,NA,NA,"SHARSMITH, CARL W.",TUOLUMNE,native
Agrostis oregonensis,Agrostis oregonensis,keep,SD,"Howe, Darley F.",7/21/1939,1939,"Wawona Road, just outside entrance to Yosemite National Park.",906,37.5071,-119.6329,Darley F. Howe,Mariposa,native
Alisma triviale,Alisma plantago-aquatica,keep,UCJEPS,"Mason, Herbert L.",8/9/1958,1958,"w of Hetch Hetchy Dam; Sierra Nevada, Yosemite National Park, Swamp Lake",14882,37.95067,-119.82831,Herbert L. Mason,Tuolumne,native
Amsinckia menziesii,Amsinckia intermedia,keep,SD,"Purer, Edith A.",3/1/1932,1932,Yosemite National Park,s.n.,37.74653,-119.58229,Edith A. Purer,Mariposa,native
Anelsonia eurycarpa,Anelsonia eurycarpa,keep,GH,"Sharsmith, Carl W.",8/5/1939,1939,"northwest slope of Excelsior Mountain, Virginia Canyon region, Sierra Nevada",4140,NA,NA,C. W. Sharsmith,Tuolumne County,native
Antirrhinum leptaleum,Antirrhinum leptaleum,keep,HSC,"Thompson, David M.",7/18/1983,1983,"Yosemite National Park, road to Wawona Ranger Station, across road from the parking area for Wawona Stable",375,37.545,-119.6514,D.M. Thompson,Mariposa,native
Arabis eschscholtziana,Arabis eschscholtziana,keep,UCJEPS,"King, M Alice",1/1/1907,1907,Yosemite,NA,NA,NA,Alice King,Mariposa,native
Argentina anserina,Potentilla anserina,keep,SJSU,"Botti, Stephen J.",8/8/1989,1989,"c. 0.25 mi W of Soda Springs, Tuolumne Meadows, Yosemite National Park",NA,37.878806,-119.371157,S.J. Botti,Tuolumne,native
Arnica chamissonis,Arnica chamissonis,keep,RSA,"Shevock, James R.",7/21/1972,1972,2 mi. E of Tuolumne Meadows.,2131,NA,NA,J. R. Shevock,Tuolumne,native
Arnica lanceolata,Arnica amplexicaulis,keep,RSA,"Shevock, James R.",7/8/1985,1985,Along the South Fork Merced River below Chiquito Pass.,11321,37.5416667,-119.4583333,J. R. Shevock; Steve Botti,Madera,native
Arnica ovata,Arnica diversifolia,keep,CLARK,"Helmkamp, George K.",8/5/1977,1977,Sierra Nevada Porcupine Flats Campground; meadow; ; Yosemite Falls 7.5'Q,NA,37.8092,-119.5651,George K. Helmkamp,Mariposa,native
Arnica parryi,Arnica parryi,keep,UCJEPS,"Hoover, Robert F.",8/17/1938,1938,Bridalveil Creek Canyon,3769,37.715,-119.6456,R. F. Hoover,Mariposa,native
Balsamorhiza deltoidea,Balsamorhiza deltoidea,keep,YM,"Hood, Mary V.",7/2/1967,1967,BARREL SPRINGS,NONE GIVEN,NA,NA,"HOOD, MARY V.",MARIPOSA,native
Balsamorhiza macrolepis,Balsamorhiza macrolepis,keep,CAS,"Smith, Gladys L.",5/28/1960,1960,Top of grade on Old Coulterville Road. Between Foresta and Little Nelly Falls,1325,NA,NA,"Smith, Gladys L.",Mariposa County,native
Boechera inyoensis,Boechera inyoensis,keep,GH,"Sharsmith, Carl W.",7/17/1937,1937,"west ridge of Mount Gibbs, Sierra Nevada",2607,NA,NA,C. W. Sharsmith,Tuolumne County,native
Boechera perennans,Arabis fendleri var. fendleri,keep,RSA,"Benson, Lyman D.",7/5/1936,1936,Glacier Point Rd. Yosemite Valley watershed.,7837,NA,NA,Lyman Benson,Mariposa,native
Boechera pratincola,Boechera pratincola,keep,RSA,"Howell, John Thomas",8/16/1944,1944,Mono Pass Trail.,20611,NA,NA,J. T. Howell,Tuolumne,native
Boechera tularensis,Boechera tularensis,keep,CAS,"Wiggins, Ira L.",6/19/1939,1939,Yosemite National Park. 8 miles west of Glacier Point.,9225,NA,NA,"Wiggins, Ira L.",Mariposa County,native
Bromus grandis,Bromus grandis,keep,YM,"Sharsmith, Carl W.",6/26/1944,1944,MERCED CANYON. ADJACENT TO AND EAST OF PARK BOUNDARY,4647,37.703242,-119.722048,"SHARSMITH, CARL W.",MARIPOSA,native
Bromus marginatus,Bromus carinatus marginatus,keep,GH,"Rose, Lewis Samuel",7/16/1959,1959,"Badger Pass, Yosemite National Park",59153,NA,NA,L. S. Rose,Mariposa County,native
Bromus rubens,Bromus rubens,keep,CAS,"Thomas, John H.",5/27/1967,1967,Yosemite National Park. North side of Hetch Hetchy Reservoir near dam.,12905,NA,NA,"Thomas, John H.",Tuolumne County,introduced
Callitriche marginata,Callitriche marginata,keep,YM,"Mason, Herbert L.",7/10/1938,1938,SOUTH ISLAND. SWAMP LAKE RESEARCH RESERVE,11907,37.94927,-119.82782,"MASON., H.L.",TUOLUMNE,native
Calochortus luteus,Calochortus luteus,keep,RSA,"Taylor, Dean William",1951-06,1951,"Yosemite Valley, Sierra Nevada mountain range, Merced River drainage area",s.n.,37.7264,-119.6116,D. Taylor,Mariposa,native
Calycadenia mollis,Calycadenia mollis,keep,UCJEPS,"Rose, Lewis Samuel",7/14/1959,1959,"Wawona, Yosemite National Park Yosemite National Park, Wawona",59062,37.5381,-119.6563,Lewis S. Rose,Mariposa,native
Calycadenia multiglandulosa,Calycadenia multiglandulosa subsp. bicolor,keep,YM,"Sharsmith, Carl W.",7/23/1943,1943,YOSEMITE VALLEY,4588,NA,NA,"SHARSMITH, CARL W.",MARIPOSA,native
Cardamine breweri,Cardamine breweri,keep,SJSU,"Sharsmith, Carl W.",6/29/1944,1944,"near Happy Isles swamp, Yosemite Valley",4715,37.73,-119.557,C.W. Sharsmith,Mariposa,native
Carex alma,Carex alma,keep,UCJEPS,"Reinecke, Lawrence W.",7/22/1937,1937,W of Hetch Hetchy (Swamp Lake); Yosemite National Park,11581,37.95067,-119.82831,"L. W. Reinecke, Herbert L. Mason",Tuolumne,native
Carex davyi,Carex davyi,keep,CAS,"Howell, John Thomas",8/11/1944,1944,Tuolumne Meadows.,20317,NA,NA,"Howell, John Thomas",Tuolumne County,native
Carex hassei,Carex hassei,keep,SJSU,"Sharsmith, Carl W.",8/13/1948,1948,"c. 1 mi E of Snow Flat on branch of Snow Creek on S base of Mt Hoffmann, Yosemite National Park",5637,NA,NA,C.W. Sharsmith,Mariposa,native
Carex nudata,Carex nudata,keep,YM,"Williams, H.",5/4/1936,1936,MEADOW NEAR AHWAHNEE & CAMP 7 INTERSECTION. YOSEMITE VALLEY,58,NA,NA,"WILLIAMS, H.",MARIPOSA,native
Carex stipata,Carex stipata,keep,CAS,"Munz, Philip Alexander",7/20/1923,1923,"Acherson Meadows, Mather",s.n.,NA,NA,"Munz, Philip Alexander",Tuolumne County,native
Castilleja arachnoidea,Castilleja arachnoidea,keep,RSA,"Hardham, Clare Butterworth",8/3/1960,1960,Virginia Pass.,6486,NA,NA,Clare B. Hardham,Tuolumne,native
Ceanothus arcuatus,Ceanothus arcuatus,keep,UCSB,"Thomas, Michael",10/24/1935,1935,"3 mi. S Gin Flat, Yosemite; Sec. 33 T.2S R.20E",555,37.721982,-119.77462,"Thomas, Michael",Mariposa,native
Centaurea benedicta,Centaurea benedicta,keep,SJSU,"Sharsmith, Carl W.",8/14/1944,1944,"by Stoneman Meadow, Yosemite Valley",5148,NA,NA,C.W. Sharsmith,Mariposa,introduced
Centaurea melitensis,Centaurea melitensis,keep,SJSU,"Sharsmith, Carl W.",6/27/1944,1944,"0.5 mi below Arch Rock, Merced River canyon, Yosemite National Park",4673,37.679869,-119.734941,C.W. Sharsmith,Mariposa,introduced
Cicuta douglasii,Cicuta douglasii,keep,UCJEPS,"Mason, Herbert L.",7/7/1940,1940,"Tuolumne River drainage sw of Hetch Hetchy ( Yosemite National Park, Poison Meadow); Sierra Nevada, Yosemite National Park, Poison Meadow",12325,NA,NA,H. L. Mason,Tuolumne,native
Cirsium tioganum,Cirsium drummondii acaulescens,keep,GH,"Howell, John Thomas",8/16/1944,1944,[data not captured],20614,NA,NA,J. T. Howell,Tuolumne County,native
Clematis lasiantha,Clematis lasiantha,keep,YM,"Sharsmith, Carl W.",6/26/1944,1944,MERCED CANYON BELOW ARCH ROCK WITHIN PARK.,4657,37.68638,-119.73082,"SHARSMITH, CARL W.",MARIPOSA,native
Clematis ligusticifolia,Clematis ligusticifolia,keep,SJSU,"Sharsmith, Carl W.",9/6/1946,1946,"margin of S Fork Merced R near Wawona, Yosemite National Park",5490,37.556887,-119.693776,C.W. Sharsmith,Mariposa,native
Collinsia bartsiifolia,Collinsia bartsiifolia var. stricta,keep,CAS,"Howell, John Thomas",7/16/1923,1923,Wawona Meadow,126,NA,NA,"Howell, John Thomas",Mariposa County,native
Cordylanthus pilosus,Cordylanthus pilosus subsp. pilosus,keep,RSA,"Peirson, Frank W.",8/7/1927,1927,"Trail from Porcupine Flat to Yosemite Point, Sierra Nevada.",7667,NA,NA,F. W. Peirson,Mariposa,native
Cryptantha glomeriflora,Cryptantha glomeriflora,keep,CAS,"Howell, John Thomas",8/9/1944,1944,"Near Parsons Lodge, Tuolumne Meadows",20190,NA,NA,"Howell, John Thomas",Tuolumne County,native
Cuscuta occidentalis,Cuscuta occidentalis,keep,SJSU,"Sharsmith, Carl W.",7/23/1948,1948,"by Soda Springs, Tuolumne Meadows, Yosemite National Park",5616,37.8789,-119.3662,C.W. Sharsmith,Tuolumne,native
Cyperus esculentus,Cyperus esculentus,keep,RSA,"Jepson, Willis L.",2/19/1920,1920,Yosemite Valley.,8366,37.726438,-119.611642,W. L. Jepson,Mariposa,native
Deinandra kelloggii,Hemizonia kelloggii,keep,YM,"Michael, Enid",8/23/1927,1927,YOSEMITE VALLEY,NA,37.726438,-119.611642,"MICHAEL, ENID",MARIPOSA,native
Delphinium depauperatum,Delphinium depauperatum,keep,CAS,"Botti, Stephen J.",6/20/1981,1981,"Aspen Valley, Yosemite",146,NA,NA,"Botti, Stephen J.",Tuolumne County,native
Delphinium hesperium,Delphinium hesperium,keep,SD,"Jepson, Willis L.",1896-07-01,1896,Yosemite,s.n.,NA,NA,W. L. Jepson,Mariposa,native
Delphinium nudicaule,Delphinium nudicaule,keep,UCJEPS,"Evans, Herbert McLean",7/1/1901,1901,Porcupine Flat Yosemite National Park,NA,NA,NA,Herbert M. Evans,Tuolumne,native
Delphinium polycladon,Delphinium polycladon,keep,SBBG,"Myrick, Donald",7/22/1961,1961,Yosemite National Park; Mount Dana ridge above Tioga Pass,441,37.901,-119.242,Donald Myrick,Tuolumne,native
Descurainia pinnata,Descurainia pinnata subsp. brachycarpa,keep,CAS,"Zeile, Elsie M.",5/28/1921,1921,Yosemite National Park. Yosemite Valley. (El Capitan).,s.n.,NA,NA,"Zeile, E. M.",Mariposa County,native
Dichelostemma congestum,Brodiaea congesta,keep,RENO,"Lehenbauer, P.A.",7/7/1924,1924,Yosemite Valley.,856,37.725956,-119.615043,P.A. Lehenbauer,Mariposa,native
Digitaria ischaemum,Digitaria ischaemum,keep,UCJEPS,unknown,8/1/1931,1931,Yosemite,NA,37.711612,-119.579716,unknown,Mariposa,introduced
Draba longisquamosa,Draba longisquamosa,keep,SJSU,"Ewart, R. B.",7/7/1989,1989,"W slope Mt Dana, Yosemite National Park",NA,37.9012,-119.2274,R.B. Ewart,Tuolumne,native
Drymocallis hansenii,Potentilla glandulosa subsp. hansenii,keep,UCR,"Benson, Lyman D.",7/5/1936,1936,"4 miles west of Bridal Veil Creek, Yosemite Valley",7803,37.7175,-119.71778,Lyman Benson,Mariposa,native
Eleocharis bolanderi,Eleocharis bolanderi,keep,UCJEPS,"Mason, Herbert L.",7/25/1938,1938,"ca. 4 mi N of Hetch Hetchy Lake (""Snow-pool marsh"", 1 mi S of Vernon Lake on trail to Beehive); Yosemite National Park",NA,38.006287,-119.74744,Herbert L. Mason,Tuolumne,native
Elodea nuttallii,Elodea nuttallii,keep,NCC,"Larned, Scott",5/11/1985,1985,"Merced R, Yosemite Valley",137,NA,NA,"Larned, Scott",Mariposa,native
Elymus saundersii,Elymus X saundersii,keep,SJSU,"Sharsmith, Carl W.",9/11/1959,1959,"Tuolumne Meadows c. 0.5 mi E of Tuolumne Meadows District Ranger Station, Yosemite National Park",6709,NA,NA,C.W. Sharsmith,Tuolumne,native
Elymus stebbinsii,Elymus stebbinsii,keep,SJSU,"Sharsmith, Carl W.",6/24/1944,1944,"0.5 mi below Arch Rock Entrance Station, Merced River Canyon, Yosemite National Park",4669,37.679869,-119.734941,C.W. Sharsmith,Mariposa,native
Epilobium brachycarpum,Epilobium brachycarpum,keep,SFV,"Gordon, T. R.",8/25/1974,1974,Sierra Nevada; Yosemite National Park. Wawona.,611,37.55,-119.64,T. R. Gordon,Mariposa,native
Epilobium hornemannii,Epilobium hornemannii,keep,SBBG,"Myrick, Donald",8/18/1962,1962,Yosemite National Park; Badger Pass Ski Lodge,630,37.662,-119.663,Donald Myrick,Mariposa,native
Epilobium oreganum,Epilobium exaltatum,keep,YM,"Botti, Stephen J.",6/28/1981,1981,MEADOW ALONG LOWER BRIDALVEIL CREEK.,124,37.71829,-119.65072,"BOTTI, STEPHEN J.",MARIPOSA,native
Epilobium oregonense,Epilobium oregonense,keep,SBBG,"Myrick, Donald",8/20/1962,1962,Yosemite National Park; White Wolf,652,37.869,-119.648,Donald Myrick,Tuolumne,native
Epipactis gigantea,Epipactis gigantea,keep,YM,"Sharsmith, Carl W.",8/6/1944,1944,SUMMIT OF TALUS. ROCKY POINT. YOSEMITE VALLEY,5072,NA,NA,"SHARSMITH, CARL W.",MARIPOSA,native
Eragrostis cilianensis,Eragrostis cilianensis,keep,YM,"Michael, Enid",10/25/1929,1929,YOSEMITE VALLEY,NA,37.726438,-119.611642,"MICHAEL, ENID",MARIPOSA,introduced
Eragrostis pilosa,Eragrostis pilosa,keep,YM,"Sharsmith, Carl W.",8/13/1943,1943,INTRODUCED. HAPPY ISLES. YOSEMITE VALLEY,4569,37.73,-119.557,"SHARSMITH, CARL W.",MARIPOSA,native
Eragrostis virescens,Eragrostis mexicana subsp. virescens,keep,CHSC,"Barbe, G. Douglas",9/28/1978,1978,"Yosemite National Park. Mouth of Yosemite Creek at Merced River. USGS Quadrangle: Hetch Hetchy Reservoir 1:64,000",2446,37.741944,-119.594722,"G. Douglas Barbe; Denis Griffen, K. A. Parker",Mariposa,native
Erigeron annuus,Erigeron annuus,keep,SJSU,"Sharsmith, Carl W.",4/22/1985,1985,"Ahwahnee Meadow, Yosemite Valley, Yosemite National Park",8893,37.746592,-119.580165,C.W. Sharsmith,Mariposa,introduced
Eriocoma nevadensis,Stipa nevadensis,keep,SJSU,"Sharsmith, Carl W.",7/29/1989,1989,"S side Lembert Dome, Tuolumne Meadows, Yosemite National Park",9103,37.875504,-119.347418,C.W. Sharsmith,Tuolumne,native
Eriocoma thurberiana,Achnatherum thurberianum,keep,UCR,"Latting, June",6/6/1976,1976,"along CA Hwy 120 at the west entrance to Yosemite National Park, near Big Oak Flat entrance station",s.n.,37.8125,-119.87361,June Latting,Tuolumne,native
Eriogonum hirtiflorum,Eriogonum hirtiflorum,keep,RSA,"Munz, Philip Alexander",7/21/1923,1923,"Hetch Hetchy Railroad, Tuolumne Canyon.",7447,NA,NA,P. A. Munz,Tuolumne,native
Eriogonum luteolum,Eriogonum luteolum var. luteolum,keep,RSA,"Reveal, James L.",8/16/1974,1974,"Along California Hwy 253, about 0.9 mile E of jct with Hwy 128, 1.5 mile NE of Boonville.",3781,NA,NA,James L. Reveal; Caroline G. Reveal,Mariposa,native
Eriogonum marifolium,Eriogonum marifolium,keep,RSA,"Wallace, Gary D.",6/25/1987,1987,"S of Tioga Pass, Mt. Dana Trail.",2679,37.9,-119.2333333,Gary D. Wallace,Tuolumne,native
Erodium botrys,Erodium botrys,keep,YM,"Michael, Enid",5/1/1925,1925,YOSEMITE VALLEY,NA,37.726438,-119.611642,"MICHAEL, ENID",MARIPOSA,introduced
Erythranthe floribunda,Mimulus floribundus,keep,YM,"Sharsmith, Carl W.",6/28/1944,1944,"MERCED CANYON BELOW ARCH ROCK, JUST WITHIN PARK BOUNDARY",4695,37.6864,-119.7308,"SHARSMITH, CARL W.",MARIPOSA,native
Erythranthe inconspicua,Erythranthe inconspicua,keep,UCJEPS,"Hoover, Robert F.",8/6/1940,1940,Head of Hazel Green Creek,4534,37.766,-119.85,R. F. Hoover,Tuolumne,native
Festuca pratensis,Schedonorus pratensis,keep,CAS,"Frenkel, R. E.",8/28/1964,1964,"In the parking lot edge opposite White Wolf Lodge, Yosemite National Park Elev given as: ca 7800 ft",797,NA,NA,"Frenkel, R. E.",Tuolumne County,introduced
Fraxinus latifolia,Fraxinus latifolia,keep,UCJEPS,"Sharsmith, Carl W.",9/8/1934,1934,"near Big Oak Flat road (adjacent to a branch of the Tuolumne River); Sierra Nevada, Tuolumne River",885,NA,NA,C. W. Sharsmith,Tuolumne,native
Galium bolanderi,Galium bolanderi,keep,RSA,"Rose, Lewis Samuel",7/14/1959,1959,"Wawona, Yosemite National Park.",59090,NA,NA,L. S. Rose,Mariposa,native
Galium boreale,Galium boreale subsp. septentrionale,keep,UCJEPS,"Sharsmith, Carl W.",7/22/1984,1984,"Awahnee Meadow Yosemite National Park, Yosemite Valley",8892,37.7466,-119.5802,C. W. Sharsmith,Mariposa,native
Garrya flavescens,Garrya flavescens,keep,CSLA,"Miller, J.",1948-05,1948,Yosemite National Park,NA,NA,NA,J. Miller; S. Ball,Mariposa,native
Gayophytum decipiens,Gayophytum decipiens,keep,SFSU,"Leschke, Hans G.",7/22/1941,1941,[three locations:] Virginia Canyon; Trail Benson Lake - Seavey Pass; Upper Matterhorn Canyon.,s.n.,NA,NA,Hans Leschke,Tuolumne,native
Gayophytum eriospermum,Gayophytum eriospermum,keep,SJSU,"Sharsmith, Carl W.",8/30/1959,1959,"Turner Meadow, Yosemite National Park",6692,37.597462,-119.600262,C.W. Sharsmith,Mariposa,native
Gayophytum racemosum,Gayophytum racemosum,keep,CHSC,"Simis, C",9/1/1961,1961,Yosemite National Park.,NA,37.909444,-119.515833,C. Simis,Tuolumne,native
Gayophytum ramosissimum,Gayophytum ramosissimum,keep,YM,"Cole, James E.",9/10/1939,1939,WEST END. WAWONA TUNNEL,353,37.7161,-119.6926,"COLE, JAMES E.",MARIPOSA,native
Geranium carolinianum,Geranium carolinianum,keep,YM,"Michael, Enid",8/5/1927,1927,YOSEMITE VALLEY,457,37.726438,-119.611642,"MICHAEL, ENID",MARIPOSA,native
Githopsis specularioides,Githopsis specularioides,keep,CAS,"Keck, David D.",6/3/1947,1947,"Aspen Valley rd, 1 mi. N. of Carl Inn (South Fork crossing of Tuolumne River), near fork to Mather",5879,NA,NA,"Keck, David D.",Tuolumne County,native
Glyceria striata,Glyceria striata,keep,DAV,"Mason, Herbert L.",7/12/1939,1939,"Tuolumne County: Yosemite National Park, northwest of Hetch-Hetchy. Miguel Meadows.",12133,37.9599,-119.8388,H. L. Mason,Tuolumne,native
Gratiola neglecta,Gratiola neglecta,keep,UCJEPS,"Chesnut, Victor K.; ; Drew, Elmer R.",1889-06-28,1889,near Hetch-Hetchy; near Hetch-Hetchy,NA,37.9366,-119.72222,"Chesnut, Drew",Tuolumne,native
Helianthella californica,Helianthella californica var. nevadensis,keep,CAS,"Howell, John Thomas",6/5/1924,1924,Wawona,378,NA,NA,"Howell, John Thomas",Mariposa County,native
Helianthus annuus,Helianthus annuus subsp. lenticularis,keep,YM,"Michael, Enid",8/17/1927,1927,YOSEMITE VALLEY,402,37.726438,-119.611642,"MICHAEL, ENID",MARIPOSA,native
Hornungia procumbens,Hornungia procumbens,keep,CAS,"Howell, John Thomas",8/9/1944,1944,Tuolumne Meadows. Near Parson Lodge.,20193,NA,NA,"Howell, John Thomas",Tuolumne County,native
Juncus bryoides,Juncus bryoides,keep,SBBG,"Ertter, Barbara",8/4/1980,1980,"Glen Aulin Trail near mouth of Dingley Crk, Tuolumne Meadows; Yosemite National Park",3930,37.8954,-119.3949,"Barbara Ertter, J. L. Strachan",Tuolumne,native
Juncus dubius,Juncus dubius,keep,SJSU,"Sharsmith, Carl W.",8/13/1989,1989,"Yosemite Creek, Yosemite National Park",9102,NA,NA,C.W. Sharsmith,Mariposa,native
Juncus longistylis,Juncus longistylis,keep,RSA,"Bolander, Henry Nicholas",1866-07-04,1866,Yosemite Valley.,44,37.726438,-119.611642,H. N. Bolander,Mariposa,native
Juncus orthophyllus,Juncus orthophyllus,keep,SJSU,"Sharsmith, Carl W.",8/31/1969,1969,"Dana Fork Tuolumne River by old District Ranger Station, Tuolumne Meadows, Yosemite National Park",7630,NA,NA,C.W. Sharsmith,Tuolumne,native
Juncus saximontanus,Juncus saximontanus,keep,GH,"Sharsmith, Carl W.",7/28/1939,1939,[data not captured],4075,NA,NA,C. W. Sharsmith,Tuolumne County,native
Juncus tenuis,Juncus tenuis,keep,UCJEPS,"Bartholomew, Paul S.",6/28/1934,1934,"near Merced River (near Sentinel Bridge); Sierra Nevada, Yosemite National Park, Yosemite Valley",NA,37.74322,-119.58988,Paul S. Bartholomew,Mariposa,native
Juncus uncialis,Juncus uncialis,keep,UCJEPS,"Jepson, Willis L.",7/13/1911,1911,Lake Merced Yosemite Park,4414,37.74,-119.409,Willis L. Jepson,Mariposa,native
Lactuca pulchella,Lactuca tatarica subsp. pulchella,keep,SJSU,"Sharsmith, Carl W.",8/28/1944,1944,"by Black Springs on N side Merced R opposite Bridal Veil Meadow, Yosemite Valley",5287,NA,NA,C.W. Sharsmith,Mariposa,introduced
Lathyrus lanszwertii,Lathyrus lanszwertii,keep,SJSU,"Sharsmith, Carl W.",7/8/1944,1944,by Big Meadow (Myers Ranch) on Coulterville Rd,4856,NA,NA,C.W. Sharsmith,Mariposa,native
Lepechinia calycina,Lepechinia calycina,keep,SJSU,"Sharsmith, Carl W.",6/26/1944,1944,"Merced R canyon below Arch Rock, Yosemite National Park",4659,37.68638,-119.73082,C.W. Sharsmith,Mariposa,native
Lepidium ruderale,Lepidium texanum,keep,YM,"Sharsmith, Carl W.",7/3/1944,1944,WAWONA,4795,37.5381,-119.6563,"SHARSMITH, CARL W.",MARIPOSA,introduced
Leptosiphon montanus,Leptosiphon montanus,keep,SJSU,"Sharsmith, Carl W.",6/26/1943,1943,Big Oak Flat-old Tioga Rd S of Ackerson Cr,4531,37.814831,-119.875128,C.W. Sharsmith,Tuolumne,native
Limnanthes montana,Limnanthes montana,keep,CAS,"Botti, Stephen J.",5/14/1981,1981,Yosemite Nat'l Pk: Along South Fork of Merced River about .3 km. below confluence of Alder Creek below El Portal,119,NA,NA,"Botti, Steve",Mariposa County,native
Limosella acaulis,Limosella acaulis,keep,SJSU,"Sharsmith, Carl W.",8/16/1940,1940,"Dana Meadows near Tioga Pass, Yosemite National Park",4196,37.89084,-119.25865,C.W. Sharsmith,Tuolumne,native
Lomatium macrocarpum,Lomatium macrocarpum,keep,UCJEPS,"Jepson, Willis L.",7/1/1911,1911,"Yosemite Park, Alder Ck. trail",4318,37.5802,-119.6772,Willis L. Jepson,Mariposa,native
Lomatium nevadense,Lomatium nevadense var. parishii,keep,UCJEPS,"Mason, Herbert L.",7/7/1941,1941,"near Givens Creek Moraine Meadows (Yosemite Nat'l Park); , Moraine Meadows",12500,37.59777,-119.42452,Herbert L. Mason,Madera,native
Lupinus adsurgens,Lupinus adsurgens,keep,YM,"Botti, Stephen J.",7/31/1987,1987,ALONG THE BUDD LAKE TRAIL,310,NA,NA,"BOTTI, STEVE",TUOLUMNE,native
Lupinus albicaulis,Lupinus albicaulis,keep,YM,"Hood, Mary V.",6/28/1967,1967,WAWONA GOLF COURSE AREA,NONE GIVEN,NA,NA,"HOOD, MARY V.",MARIPOSA,native
Lupinus bicolor,Lupinus bicolor subsp. tridentatus,keep,YM,"Hood, Bill",5/12/1967,1967,ALDER CREEK TRAIL.,NONE GIVEN,37.5573,-119.6768,"HOOD, BILL",MARIPOSA,native
Lupinus caudatus,Lupinus argenteus var. heteranthus,keep,CAS,"Hardham, Clare Butterworth",8/2/1960,1960,Headwaters Return Creek,6491,NA,NA,"Hardham, Clare B.",Tuolumne County,native
Lupinus fulcratus,Lupinus fulcratus,keep,RSA,"Benson, Lyman D.",7/4/1932,1932,Aspen Valley Ranger Station. Sierra Nevada mtn range. Tuolumne River drainage.,3920,NA,NA,Lyman D. Benson,Tuolumne,native
Lupinus lyallii,Lupinus lyallii,keep,CAS,"Knight, Walter",7/13/1981,1981,Tioga Pass. One mile from Siesta Lake.,4231,NA,NA,"Knight, Walter; Knight, Irja; Wagnon, Keith; Vale, James",Tuolumne County,native
Lupinus meionanthus,Lupinus meionanthus,keep,RSA,"Perkins, Albert J.",7/25/1914,1914,Yosemite Nat. Park. Rancheria Mt.,s.n.,NA,NA,Albert J. Perkins,Tuolumne,native
Lupinus sellulus,Lupinus sellulus,keep,YM,"Hood, Mary V.",8/6/1967,1967,TENAYA LAKE.,NONE GIVEN,NA,NA,"HOOD, MARY V.",TUOLUMNE,native
Luzula cascadensis,Luzula cascadensis,keep,CAS,"Major, Jack",7/4/1961,1961,"Yosemite Research Reserve, near White Wolf",583,NA,NA,"Major, J.",Tuolumne County,native
Luzula macrantha,Luzula subsessilis,keep,FSC,"Pattee, Oliver H.",4/4/1970,1970,"Found near the Sierra Sky Ranch Golf Course, off Hiway 41; at the edge of the Yellow Pine Forest.",NA,NA,NA,Oliver H. Pattee,Madera,native
Marah fabacea,Marah fabaceus,keep,YM,"Lint, Harold L.",7/8/1941,1941,SWAMP LAKE RESEARCH RESERVE,50,NA,NA,"LINT, H.L.",TUOLUMNE,native
Medicago sativa,Medicago sativa,keep,UCJEPS,"Sawyer, Elliot",9/25/1935,1935,"2 mi nne Le Conte Point; Yosemite National Park, Yosemite Quadrangle",449,37.966,-119.6888,E. Sawyer,Tuolumne,introduced
Mentha spicata,Mentha spicata,keep,SFV,"Gordon, T. R.",8/24/1974,1974,Sierra Nevada; Yosemite National Park. Wawona.,601,37.55,-119.64,T. R. Gordon,Mariposa,introduced
Mentzelia lindleyi,Mentzelia lindleyi,keep,RENO,"Homer, M.",1930-08,1930,Yosemite.,s.n.,37.725815,-119.615047,M. Homer,Mariposa,native
Micranthes californica,Micranthes californica,keep,CAS,"Keck, David D.",5/11/1941,1941,"West end of Hetch Hetchy Valley, Yosemite Nat'l Park, 1.5 mi. N. of O'Shaughnessy Dam",5286,NA,NA,"Keck, David D.; Clausen, J.",Tuolumne County,native
Micranthes oregana,Micranthes oregana,keep,SJSU,"Sharsmith, Carl W.",7/26/1984,1984,"Tamarack Cr c. 1.5 mi S of new Tioga Rd, Yosemite National Park",8895,NA,NA,C.W. Sharsmith,Mariposa,native
Monardella candicans,Monardella candicans,keep,SBBG,"Driver, Mr. and Mrs.",5/20/1932,1932,Yosemite National Park; Yosemite,NA,37.745,-119.59,Mr. and Mrs. Driver,Tuolumne,native
Monardella sheltonii,Monardella sheltonii,keep,CAS,"Howell, John Thomas",7/25/1923,1923,At entrance of Yosemite Park on the Wawona Road,152,NA,NA,"Howell, John Thomas",Mariposa County,native
Montia fontana,Montia fontana,keep,UCJEPS,"Bacigalupi, Rimo C.",5/20/1967,1967,"1/2 mi n of and below National Park Checking Station (Hodgdon Meadow (site of Hodgdon Ranch), below newest section of Big Oak Flat road approach to Yosemite); Yosemite National Park, Hodgdon Meadow",9237,37.79512,-119.863655,"Rimo Bacigalupi, Paul Hutchison",Tuolumne,native
Myriopteris cooperae,Cheilanthes cooperae,keep,HSC,"Supernaugh, W. R. Jr.",4/12/1965,1965,Yosemite Nat’l Park on Crane Flat Rd. 1 mi. N of power house,39,NA,NA,"W.R. Supernaugh, Jr.",Mariposa,native
Navarretia crystallina,Navarretia crystallina,keep,UCJEPS,"Mason, Herbert L.",6/10/1941,1941,"East of North Mountain, North Mountain Ridge, Yosemite National Park.",12484,37.92047,-119.86767999999999,Herbert L. Mason,Tuolumne,native
Navarretia intertexta,Navarretia intertexta,keep,SJSU,"Tilden, J. W.",6/9/1961,1961,8 mi E of Mather,1607,37.870672,-119.708772,J.W. Tilden,Tuolumne,native
Navarretia viscidula,Navarretia viscidula,keep,UCJEPS,"Grant, George B.",7/1/1901,1901,Yosemite,NA,37.745907,-119.594701,Geo. B. Grant,Mariposa,native
Navarretia vividior,Navarretia vividior,keep,DAV,"Mason, Herbert L.",7/12/1941,1941,"Tuolumne County: Yosemite National Park, Miguel Meadows.",12480a,37.9599,-119.8388,Herbert L. Mason,Tuolumne,native
Nemacladus capillaris,Nemacladus capillaris,keep,YM,"Sharsmith, Carl W.",7/26/1943,1943,SOUTH OF ACKERSON CREEK NEAR BIG OAK FLAT/OLD TIOGA ROADS,4539,NA,NA,"SHARSMITH, CARL W.",TUOLUMNE,native
Neomonolepis spathulata,Monolepis spathulata,keep,RSA,"Howell, John Thomas",8/9/1944,1944,"Near Parsons Lodge, Tuolumne Meadows",20191,37.878355,-119.367561,J. T. Howell,Tuolumne,native
Neottia convallarioides,Listera convallarioides,keep,YM,"Botti, Stephen J.",8/24/1980,1980,LEDGE TRAIL,77,NA,NA,"BOTTI, STEPHEN J.",MARIPOSA,native
Orthocarpus cuspidatus,Orthocarpus copelandii var. cryptanthus,keep,CSLA,"Bonquet, J.",8/20/1961,1961,"Tuolumne Meadows, Sierra Nevada Mts.",NA,37.8753,-119.3764,J. Bonquet,Tuolumne,native
Oxalis stricta,Oxalis stricta,keep,CAS,"Botti, Stephen J.",6/29/1982,1982,"Ahwahnee Meadow, Yosemite Valley; Yosemite National Park",155,NA,NA,"Botti, Steve",Mariposa County,introduced
Pedicularis densiflora,Pedicularis densiflora,keep,UCSB,"Martin, Claudia",3/30/1985,1985,"Collected 100 yds. North of entrance to Yosemite West R.V. Park, Hwy. 41.",25,NA,NA,Claudia Martin,Madera,native
Pentagramma pallida,Pentagramma pallida,keep,UCJEPS,"Rodin, Robert J.",8/6/1958,1958,near Arch Rock; Yosemite Nat'l Park,6272,37.686,-119.73,R. J. Rodin,Mariposa,native
Perideridia howellii,Perideridia howellii,keep,UCJEPS,"Congdon, Joseph Whipple",1896-07-27,1896,Westfall's,NA,NA,NA,J. W. Congdon,Mariposa,native
Persicaria hydropiperoides,Persicaria hydropiperoides,keep,CAS,"Chandler, Harley P.",8/6/1912,1912,Yosemite Valley,1142,NA,NA,"Chandler, H. P.",Mariposa County,native
Persicaria maculosa,Persicaria maculosa,keep,CAS,"Rose, Lewis Samuel",10/3/1953,1953,"Yosemite National Park. Old Village, Yosemite Valley",53078,NA,NA,"Rose, Lewis S.",Mariposa County,introduced
Phacelia egena,Phacelia egena,keep,UCJEPS,"Schreiber, Beryl O.",6/25/1935,1935,"slope near Mirror Lake; Yosemite National Park, Yosemite Valley",1907,37.74729,-119.5496,Beryl O. Schreiber,Mariposa,native
Phacelia heterophylla,Phacelia heterophylla,keep,YM,"Bush, B.",7/27/1937,1937,EAST MAHAN RIDGE,NA,38.071403,-119.660967,BUSH,TUOLUMNE,native
Phacelia humilis,Phacelia humilis,keep,UCR,"Helmkamp, George K.",8/5/1977,1977,Porcupine Flat Campground,s.n.,37.80917,-119.56667,George K. Helmkamp,Tuolumne,native
Phacelia mutabilis,Phacelia mutabilis,keep,FSC,"Field, Eugene",8/3/1965,1965,Tuolumne Meadows Lodge area.,11,NA,NA,Eugene Field,Tuolumne,native
Phacelia tanacetifolia,Phacelia tanacetifolia,keep,RSA,"Spry, Cale Burgess",5/22/1948,1948,Yosemite National Park.,s.n.,NA,NA,Cale Burgess Spry,Mariposa,native
Phlox speciosa,Phlox speciosa,keep,MIN,"Congdon, Joseph Whipple",1897-06-07,1897,"Yosemite Road to Crocker's, Tuolumne County;Yosemite National Park;;;",s.n.,NA,NA,"Congdon, J.",Tuolumne,native
Phoradendron bolleanum,Phoradendron bolleanum,keep,OBI,"Weber, Wallace A.",8/17/1969,1969,1.7 mi N of Avalanche Crk in Yosemite Natl Park,2067,37.702236,-119.722238,"Wallace Weber; John C. Cooke, D.J. Pinkava, David J. Keil",Mariposa,native
Phoradendron libocedri,Phoradendron libocedri,keep,UCJEPS,"Mason, Herbert L.",9/19/1923,1923,"Yosemite Nat'l Park, Mather Station Sierra Nevada Mts., Yosemite Nat'l Park, Mather Station",766,37.89338,-119.84052,H. L. Mason,Tuolumne,native
Pinus monophylla,Pinus monophylla,keep,UCJEPS,"Hawbecker, A. H.",10/22/1936,1936,one mi up Tiltill Trail from Rainbow Falls; Yosemite National Park,1500,37.967287,-119.700167,A. Hawbecker,Tuolumne,native
Plectritis ciliosa,Plectritis ciliosa subsp. ciliosa,keep,CAS,"Howell, John Thomas",5/18/1924,1924,Near Wawona,334,NA,NA,"Howell, John Thomas",Mariposa County,native
Polygonum parryi,Polygonum parryi,keep,RSA,"Munz, Philip Alexander",7/21/1923,1923,"In Tuolumne River, near Mather",7452b,NA,NA,P. A. Munz,Tuolumne,native
Polygonum sawatchense,Polygonum sawatchense subsp. sawatchense,keep,CAS,"Howell, John Thomas",8/9/1944,1944,"Near Parsons Lodge, Tuolumne Meadows",20183,NA,NA,"Howell, John Thomas",Tuolumne County,native
Polypodium californicum,Polypodium californicum,keep,HSC,"Supernaugh, W. R. Jr.",4/12/1965,1965,"Yosemite Nat’l Park, near Arch Rock Ranger Station",41,NA,NA,"W.R. Supernaugh, Jr.",Mariposa,native
Polypodium calirhiza,Polypodium calirhiza,keep,UCJEPS,"Smith, Alan R.",11/4/1983,1983,"Yosemite National Park, beginning of Mist Trail",1600,NA,NA,"A. R. Smith, C. D. MacNeill, J. Prlain",Mariposa,native
Polypodium hesperium,Polypodium hesperium,keep,UCJEPS,"Prlain, G.",7/24/1983,1983,"Yosemite National Park, Vernal Falls, 0.1 mi up Mist Trail",s. n.,37.728757,-119.546206,G. Prlain,Mariposa,native
Polypogon viridis,Agrostis viridis,keep,UCJEPS,"Bartholomew, Paul S.",7/24/1934,1934,"Piute Creek Trail Sierra Nevada, Yosemite National Park, Piute Creek (Piute Creek is a tributary of the Tuolumne River)",NA,37.95767,-119.563416,Paul S. Bartholomew,Tuolumne,introduced
Polystichum kruckebergii,Polystichum kruckebergii,keep,UCJEPS,"Butts, Edward C.",8/6/1939,1939,"head of Virginia Canyon (s. slope Twin Peaks); Sierra Nevada,Virginia Canyon",192,38.07844,-119.351845,Edward Butts,Tuolumne,native
Polystichum scopulinum,Polystichum scopulinum,keep,UCJEPS,"Butts, Edward C.",8/7/1939,1939,s slope of Twin Peak (head of Virginia Canyon); Sierra Nevada,193,38.07844,-119.351845,Edward Butts,Tuolumne,native
Portulaca oleracea,Portulaca oleracea,keep,YM,"Sharsmith, Carl W.",7/10/1944,1944,IN FRONT OF PARK MUSEUM. YOSEMITE VALLEY,4863,NA,NA,"SHARSMITH, CARL W.",MARIPOSA,introduced
Potentilla amicarum,Potentilla amicarum,keep,UCJEPS,"Sharsmith, Carl W.",7/17/1937,1937,near summit of saddle between Mount Dana and Mount Gibbs; Sierra Nevada,2530B,37.88867,-119.21551,C. W. Sharsmith,Tuolumne,native
Primula pauciflora,Dodecatheon pulchellum var. macrocarpum,keep,MIN,"Congdon, Joseph Whipple",1897-06-05,1897,"Peregoy's Meadows, Glacier Point Turnpike, Mariposa County;Yosemite National Park;;;",s.n.,NA,NA,"Congdon, J.",Mariposa,native
Prunus subcordata,Prunus subcordata,keep,SJSU,"Sharsmith, Carl W.",7/3/1944,1944,"by S Fork Merced R, W of Wawona, Yosemite National Park",4789,37.557407,-119.693207,C.W. Sharsmith,Mariposa,native
Pseudognaphalium californicum,Pseudognaphalium californicum,keep,CAS,"Rose, Lewis Samuel",9/24/1960,1960,Yosemite National Park. Crane Flat,60118,NA,NA,"Rose, Lewis S.",Mariposa County,native
Pseudognaphalium microcephalum,Pseudognaphalium microcephalum,keep,CAS,"Rose, Lewis Samuel",10/1/1954,1954,"Yosemite National Park. Big Oak Flat Road, 4 mi. se. of Crane Flat forest slopes",54133,NA,NA,"Rose, Lewis S.",Mariposa County,native
Pseudognaphalium stramineum,Pseudognaphalium stramineum,keep,CAS,"Keck, David D.",10/20/1931,1931,"Sierra Nevada Mountains, Yosemite National Park. Mather",1331,NA,NA,"Keck, David D.",Tuolumne County,native
Pseudognaphalium thermale,Pseudognaphalium canescens subsp. thermale,keep,RSA,"Keefe, Joseph M.",10/6/1974,1974,"Tioga Pass Road, 2.7 miles west of Tenaya Lake, Yosemite National Park.",16324,NA,NA,Joseph M. Keefe,Mariposa,native
Pseudoroegneria spicata,Elymus spicatus,keep,UCJEPS,"Dobson, Heidi",8/18/1974,1974,"Echo Creek, Yosemite National Park.",185,37.805365,-119.385142,Heidi Dobson,Mariposa,native
Psilocarphus oregonus,Psilocarphus oregonus,keep,UCJEPS,"Hall, Harvey Monroe",7/22/1911,1911,Yosemite Falls Yosemite National Park,9194,NA,NA,H. M. Hall,Mariposa,native
Pterostegia drymarioides,Pterostegia drymarioides,keep,CAS,"Smith, Gladys L.",6/25/1959,1959,Old Coulterville Road above Little Nelly Falls. Yosemite National Park,1560A,NA,NA,"Smith, Gladys L.",Mariposa County,native
Puccinellia nuttalliana,Puccinellia nuttalliana,keep,SJSU,"Sharsmith, Carl W.",9/5/1949,1949,"bordering Soda Springs, Tuolumne Meadows, Yosemite National Park",5801,37.879,-119.364,C.W. Sharsmith,Tuolumne,native
Quercus morehus,Quercus morehus,keep,UCJEPS,"Grant, Verne; Grant, Alva",7/21/1948,1948,6.1 mi ne Hog Ranch Ranger Station (on Hetch Hetchy road),8619,37.93348,-119.794495,"Verne Grant, Alva Grant",Tuolumne,native
Ranunculus californicus,Ranunculus californicus,keep,RSA,"Purer, Edith A.",4/4/1932,1932,Yosemite National Park. [County unspecified],15342,NA,NA,E. A. Purer,Mariposa,native
Ranunculus hebecarpus,Ranunculus hebecarpus,keep,YM,"Michael, Enid",6/1/1927,1927,YOSEMITE VALLEY,494,37.726438,-119.611642,"MICHAEL, ENID",MARIPOSA,native
Ranunculus uncinatus,Ranunculus uncinatus,keep,SJSU,"Sharsmith, Carl W.",7/2/1944,1944,"by Wawona Meadows near Wawona, Yosemite National Park",4753,37.532244,-119.647684,C.W. Sharsmith,Mariposa,native
Ribes inerme,Ribes divaricatum var. inerme,keep,YM,"Zentmyer, George A.",7/22/1935,1935,LYELL FORK OF TUOLUMNE RIVER,2020,37.83023,-119.27883,"ZENTMYER, GEORGE A.",TUOLUMNE,native
Rigiopappus leptocladus,Rigiopappus leptocladus,keep,MIN,"Congdon, Joseph Whipple",1888-05-27,1888,Wawona;Yosemite National Park;;;,s.n.,37.53694,-119.65528,"Congdon, J. W.",Mariposa,native
Rorippa sinuata,Rorippa sinuata,keep,MIN,"Congdon, Joseph Whipple",1894-08-15,1894,"Corral, Soda Springs Meadows, Tuloumne County;Yosemite National Park;;;",s.n.,NA,NA,"Congdon, J.",Tuolumne,native
Rubus glaucifolius,Rubus glaucifolius,keep,UCJEPS,"Rodin, Robert J.",8/27/1946,1946,on Wawona Road 1 mi s tunnel; Yosemite National Park,870,37.7165,-119.7059,Robert J. Rodin,Mariposa,native
Rumex conglomeratus,Rumex conglomeratus,keep,UCJEPS,"Hall, Harvey Monroe",7/13/1911,1911,lower end Yosemite Valley; Yosemite National Park,9107,NA,NA,H. M. Hall,Mariposa,introduced
Rumex triangulivalvis,Rumex triangulivalvis,keep,CAS,"Howell, John Thomas",8/18/1944,1944,Crane Flat,20702,NA,NA,"Howell, John Thomas",Mariposa County,native
Sabulina californica,Arenaria californica,keep,YM,"Sharsmith, Carl W.",7/3/1944,1944,PUBLIC CAMPGROUND 1 1/2 MILE WEST OF WAWONA,4782,NA,NA,"SHARSMITH, CARL W.",MARIPOSA,native
Sagina decumbens,Sagina decumbens subsp. occidentalis,keep,SJSU,"Sharsmith, Carl W.",6/30/1944,1944,"above base of upper Yosemite Falls, Yosemite National Park",4728,NA,NA,C.W. Sharsmith,Mariposa,native
Salix laevigata,Salix bonplandiana,keep,CAS,"Ball, Carleton R.",8/4/1931,1931,"Yosemite National Park, arroyo of Bear Creek, at Bear Camp, on Big Oak Flat Road",506,NA,NA,"Ball, C. R.; Bracelin, Mrs. H. P.; Kautz, Beryl",Mariposa County,native
Salix melanopsis,Salix melanopsis,keep,DAV,"Smith, Edward Laidlaw",9/25/1966,1966,California. Tuolumne County. 6 mi NW of Crane Flat.,870,37.814113999999996,-119.892819,Edward Laidlaw Smith,Tuolumne,native
Salix prolixa,Salix cordata,keep,CSLA,"Straw, Richard M.",3/25/1956,1956,Yosemite,56,NA,NA,Richard M. Straw,Tuolumne,native
Sanicula bipinnatifida,Sanicula bipinnatifida,keep,UCJEPS,"Jepson, Willis L.",6/1/1924,1924,near Tuolumne Grove; Curtin Mdws.,10554,NA,NA,Willis L. Jepson,Tuolumne,native
Saxifraga mertensiana,Saxifraga mertensiana,keep,YM,"Botti, Stephen J.",6/23/1984,1984,"WEST SIDE OF UPPER LEDGE TRAIL GULLY, ABOUT 1/2 WAY DOWN",282,37.733871,-119.573361,"BOTTI, STEVE",MARIPOSA,native
Scirpus diffusus,Scirpus diffusus,keep,CAS,"Keck, David D.",6/3/1946,1946,"Ackerson Meadow, Ackerson Creek",5581,NA,NA,"Keck, David D.",Tuolumne County,native
Scrophularia desertorum,Scrophularia desertorum,keep,SJSU,"Sharsmith, Carl W.",7/23/1942,1942,"S side Puppy Dome, Tuolumne Meadows, Yosemite National Park",4463,NA,NA,C.W. Sharsmith,Tuolumne,native
Scutellaria bolanderi,Scutellaria bolanderi subsp. bolanderi,keep,UCJEPS,"Epling, Carl",8/12/1938,1938,Wawona,NA,37.5322,-119.6477,C. Epling,Mariposa,native
Sedum radiatum,Sedum radiatum,keep,UCJEPS,"Uhl, C. H.",5/28/1954,1954,"on Pohono Trail about 1/4 mi above e end Wawona Tunnel (Yosemite National Park); , above e end Wawona Tunnel",U367,NA,NA,C. H. Uhl,Mariposa,native
Sedum stenopetalum,Sedum stenopetalum,keep,YM,"Moran, Reid V.",7/2/1940,1940,POHONO TRAIL ABOVE TURTLEBACK DOME,538,NA,NA,"MORAN, REID V.",MARIPOSA,native
Senecio flaccidus,Senecio flaccidus var. douglasii,keep,SJSU,"Sharsmith, Carl W.",9/21/1946,1946,"1 mi S of Wawona Rd Tunnel on Wawona Rd, Yosemite National Park",5493,NA,NA,C.W. Sharsmith,Mariposa,native
Setaria pumila,Setaria pumila subsp. pumila,keep,SJSU,"Sharsmith, Carl W.",9/7/1963,1963,"Government Center, Yosemite Valley, Yosemite National Park",7171,NA,NA,C.W. Sharsmith,Mariposa,introduced
Sidalcea asprella,Sidalcea asprella,keep,YM,"Sharsmith, Carl W.",7/8/1944,1944,BIG MEADOW. MYERS RANCH. COULTERVILLE ROAD,4859,NA,NA,"SHARSMITH, CARL W.",MARIPOSA,native
Silene bridgesii,Silene bridgesii,keep,CAS,"Henninger, Adolph",7/14/1958,1958,"Foresra [Foresta], Yosemite Park",47,NA,NA,"Henninger, A.",Mariposa County,native
Sisymbrium officinale,Sisymbrium officinale,keep,CAS,"Botti, Stephen J.",6/9/1983,1983,Yosemite National Park. Yosemite Village.,225,NA,NA,"Botti, Steve",Mariposa County,introduced
Sorbus scopulina,Sorbus scopulina,keep,UCSB,"Gardner, Ivana",8/12/1963,1963,"Sunrise Trail, 1 mile west of Lake Merced High Sierra Camp, Yosemite National Park",172,NA,NA,"Gardner, Ivana",Mariposa,native
Sparganium emersum,Sparganium emersum,keep,SJSU,"Sharsmith, Carl W.",8/8/1987,1987,"Delaney Meadow, Yosemite National Park",9079,NA,NA,C.W. Sharsmith,Tuolumne,native
Spergula arvensis,Spergula arvensis,keep,YM,"Pratt, Harlan K.",8/1/1939,1939,SHEPHERD CREST.,43,38.005967,-119.312177,"PRATT, H.K.",TUOLUMNE,introduced
Stachys ajugoides,Stachys ajugoides,keep,YM,"Dunn, David",7/10/1940,1940,"MIGUEL MEADOW, EAST OF ROAD, NEAR CAMP",NA,NA,NA,"DUNN, DAVID",TUOLUMNE,native
Stachys rigida,Stachys ajugoides var. rigida,keep,UCJEPS,"Dunn, David",7/8/1940,1940,"Miguel Meadow Camp, e of the road Yosemite Nat. Park",157,NA,NA,D. Dunn,Tuolumne,native
Stellaria nitens,Stellaria nitens,keep,CAS,"Howell, John Thomas",4/25/1972,1972,"near Camp Curry, Yosemite Valley",48704,NA,NA,"Howell, John Thomas",Mariposa County,native
Stellaria obtusa,Stellaria obtusa,keep,UCJEPS,"Mason, Herbert L.",7/22/1938,1938,"n of Hetch Hetchy (Beehive); Sierra Nevada, Yosemite National Park, Beehive",11960,37.99633,-119.77748,Herbert L. Mason,Tuolumne,native
Stephanomeria exigua,Stephanomeria exigua subsp. macrocarpa,keep,CAS,"Clemens, Mrs. Joseph",8/4/1919,1919,"Pate Valley, Yosemite National Park",s.n.,NA,NA,"Clemens, Mrs. Joseph",Tuolumne County,native
Stipa lettermanii,Stipa lettermanii,keep,CLARK,"Helmkamp, George K.",8/5/1977,1977,"Sierra Nevada 2 miles east of Yosemite Creek, roadside; ; Yosemite Falls 7.5'Q",NA,37.8205,-119.5783,George K. Helmkamp,Mariposa,native
Symphyotrichum bracteolatum,Symphyotrichum eatonii,keep,CAS,"Branson, Ivan",9/4/1929,1929,Wawona,s.n.,NA,NA,"Branson, Ivan",Mariposa County,native
Taxus brevifolia,Taxus brevifolia,keep,RSA,"Lemmon, John G.",1874,1874,Yosemite Valley.,s.n.,37.726438,-119.611642,J. G. Lemmon,Mariposa,native
Tomostima reptans,Draba reptans,keep,DAV,"Taylor, Dean William",7/30/1981,1981,"Tuolumne County: Sierra Nevada. Yosemite National Park, crest of range between Mt. Dana and Peak 12568 (northeast of Mt. Gibbs).",7903,37.88926,-119.21114,Dean Wm. Taylor,Tuolumne,native
Toxicoscordion paniculatum,Toxicoscordion paniculatum,keep,SDSU,"Dorothy, Harvey",6/23/1929,1929,Road from Yosemite Valley to Tuolomme Meadows.,NA,NA,NA,"Harvey, D.R.",Mariposa,native
Trichostema lanceolatum,Trichostema lanceolatum,keep,LA,"Hoover, Robert F.",8/24/1937,1937,Tuolumne Big Oak,2697,37.76924,-119.80779,Robert F. Hoover,Tuolumne,native
Triglochin scilloides,Lilaea scilloides,keep,CAS,"Keck, David D.",5/29/1946,1946,"Sierra Nevada. Mather, Hog Ranch",5553,NA,NA,"Keck, David D.",Tuolumne County,native
Triodanis biflora,Triodanis biflora,keep,UCJEPS,"Hall, Harvey Monroe",7/1/1902,1902,"Hetch Hetchy Valley; Yosemite National Park, Hetch Hetchy Valley",3357,37.9366,-119.72222,"H. M. Hall, E. B. Babcock",Tuolumne,native
Tropidocarpum gracile,Tropidocarpum gracile,keep,YM,"Michael, Enid",4/28/1928,1928,YOSEMITE VALLEY,479,37.726438,-119.611642,"MICHAEL, ENID",MARIPOSA,native
Veronica anagallis-aquatica,Veronica anagallis-aquatica,keep,SJSU,"Sharsmith, Carl W.",6/4/1940,1940,"Stoneman Meadow, Yosemite Valley",4156,37.740037,-119.570956,C.W. Sharsmith,Mariposa,introduced
Yabea microcarpa,Yabea microcarpa,keep,SJSU,"Sharsmith, Carl W.",7/1/1944,1944,"base of upper Yosemite Fall, Yosemite Valley",4738,37.753339,-119.598856,C.W. Sharsmith,Mariposa,native
